scheduler,workload,network,task_seed,num_tasks,episode_return,return_per_task,on_time_rate,completion_rate,avg_latency_ms,energy_per_task_j
FIFO,normal,normal,700000000,63,-205.26564136540978,-3.258184783577933,0.0,0.0,0.0,67.28062002314627
RoundRobin,normal,normal,700000000,63,-107.13666284142428,-1.7005819498638775,0.5714285714285714,0.5714285714285714,783.2466428549407,32.005783540582385
Random,normal,normal,700000000,63,-127.36784199020252,-2.0217117776222624,0.5238095238095238,0.5238095238095238,800.5055353048116,40.342198768943156
Greedy,normal,normal,700000000,63,-82.6359589781762,-1.3116818885424795,0.7301587301587301,0.746031746031746,841.6442484295349,22.077715602585368
ECT,normal,normal,700000000,63,-68.49433643403486,-1.0872116894291248,0.8253968253968254,0.8412698412698413,734.9945368053997,21.775809843156008
FIFO,normal,normal,700000001,63,-197.6578174560137,-3.1374256739049793,0.031746031746031744,0.031746031746031744,1328.512549058877,56.47779878330681
RoundRobin,normal,normal,700000001,63,-102.4812571070601,-1.6266866207469857,0.5714285714285714,0.5714285714285714,778.9524219385211,33.1548928915303
Random,normal,normal,700000001,63,-131.6783038348167,-2.0901318069018524,0.42857142857142855,0.42857142857142855,803.005052106644,28.759767986435985
Greedy,normal,normal,700000001,63,-85.43187188728167,-1.3560614585282804,0.6825396825396826,0.6825396825396826,828.3016687433864,28.977497854679804
ECT,normal,normal,700000001,63,-61.06424109185335,-0.9692736681246563,0.8253968253968254,0.8253968253968254,701.7741758039114,21.96020105921106
FIFO,normal,normal,700000002,53,-182.3451612652565,-3.4404747408538965,0.05660377358490566,0.05660377358490566,1293.3930769199712,56.154298051682574
RoundRobin,normal,normal,700000002,53,-97.82190731835816,-1.8456963644973237,0.5471698113207547,0.5660377358490566,801.0595600030064,31.454232152335532
Random,normal,normal,700000002,53,-131.69076724177015,-2.4847314573918897,0.39622641509433965,0.41509433962264153,925.7412779761129,37.67418765666876
Greedy,normal,normal,700000002,53,-100.86517542306756,-1.903116517416369,0.6226415094339622,0.6415094339622641,866.7379117582204,25.233573391580922
ECT,normal,normal,700000002,53,-66.76140143424645,-1.2596490836650274,0.8301886792452831,0.8301886792452831,757.5879395829033,25.08211443421626
FIFO,normal,normal,700000003,54,-179.37116105313424,-3.3216881676506342,0.0,0.0,0.0,54.890661021750276
RoundRobin,normal,normal,700000003,54,-89.0836321072833,-1.6496968908756164,0.6481481481481481,0.6481481481481481,717.9216404757093,30.969284904517387
Random,normal,normal,700000003,54,-111.31595418239635,-2.0614065589332657,0.5,0.5,754.777306494629,45.14707241788971
Greedy,normal,normal,700000003,54,-92.5071578912226,-1.7130955165041224,0.6296296296296297,0.6296296296296297,747.8851610782857,25.079685893223814
ECT,normal,normal,700000003,54,-38.02845454612991,-0.7042306397431465,0.9259259259259259,0.9259259259259259,660.8544236267611,24.24275978112062
FIFO,normal,normal,700000004,56,-190.89298056660832,-3.40880322440372,0.03571428571428571,0.03571428571428571,1488.5648825501657,61.514161636587616
RoundRobin,normal,normal,700000004,56,-109.25491692739506,-1.950980659417769,0.5535714285714286,0.5535714285714286,807.094092042644,29.856285460374636
Random,normal,normal,700000004,56,-119.51811950531564,-2.1342521340234937,0.42857142857142855,0.42857142857142855,772.0369085740434,30.145982225682655
Greedy,normal,normal,700000004,56,-91.33673007436585,-1.6310130370422473,0.6428571428571429,0.6428571428571429,789.4274392181758,23.55149271764881
ECT,normal,normal,700000004,56,-53.17486717183971,-0.9495511994971376,0.875,0.875,734.1238413282235,23.678505441060196
FIFO,normal,normal,700000005,54,-166.94424844084307,-3.0915601563119086,0.05555555555555555,0.05555555555555555,1193.4632132423667,53.86515740444041
RoundRobin,normal,normal,700000005,54,-100.95079237538243,-1.8694591180626376,0.5925925925925926,0.5925925925925926,773.5400513475684,29.265045370386538
Random,normal,normal,700000005,54,-115.23950980010703,-2.1340649962982785,0.4444444444444444,0.4444444444444444,934.7548526412332,27.26098706409982
Greedy,normal,normal,700000005,54,-91.91665223244004,-1.7021602265266675,0.6481481481481481,0.6666666666666666,804.9193903093902,24.997124808408216
ECT,normal,normal,700000005,54,-60.71252312497742,-1.1243059837958782,0.8333333333333334,0.8333333333333334,743.7101650407509,24.428319322036508
FIFO,normal,normal,700000006,52,-171.1059304997328,-3.2904986634564,0.038461538461538464,0.038461538461538464,901.6607133156842,63.46669158600639
RoundRobin,normal,normal,700000006,52,-75.52376381542908,-1.452380073373636,0.6346153846153846,0.6538461538461539,798.6422805007409,34.56355233161504
Random,normal,normal,700000006,52,-111.67391880445341,-2.147575361624104,0.4807692307692308,0.4807692307692308,746.2393485697082,30.449664064771305
Greedy,normal,normal,700000006,52,-80.52181967029577,-1.5484965321210724,0.6346153846153846,0.6346153846153846,738.6351730316748,29.459921303558684
ECT,normal,normal,700000006,52,-56.13962237956712,-1.079608122683983,0.8269230769230769,0.8461538461538461,748.933886218906,26.299263945524253
FIFO,normal,normal,700000007,44,-124.79873262964747,-2.836334832491988,0.13636363636363635,0.13636363636363635,1013.8823904851764,47.02141043014538
RoundRobin,normal,normal,700000007,44,-64.26743175624189,-1.4606234490054975,0.7272727272727273,0.7272727272727273,751.6437893304014,30.913811225676714
Random,normal,normal,700000007,44,-70.2705643677861,-1.5970582810860476,0.6818181818181818,0.6818181818181818,835.734845201869,30.175720986032335
Greedy,normal,normal,700000007,44,-58.121305810225216,-1.3209387684142095,0.75,0.75,759.5296126334821,30.91411309434128
ECT,normal,normal,700000007,44,-46.427781382325975,-1.0551768495983176,0.8863636363636364,0.8863636363636364,673.8233265378286,30.35395409320797
FIFO,normal,normal,700000008,42,-133.55369576583746,-3.179849899186606,0.11904761904761904,0.11904761904761904,1246.6214828512943,46.743604693430626
RoundRobin,normal,normal,700000008,42,-73.28829373582842,-1.7449593746625813,0.5952380952380952,0.5952380952380952,753.1771055484278,34.95215131652544
Random,normal,normal,700000008,42,-68.69876813897021,-1.6356849556897668,0.6428571428571429,0.6428571428571429,827.0159180736117,38.03508106841371
Greedy,normal,normal,700000008,42,-67.94233516870683,-1.6176746468739722,0.6904761904761905,0.6904761904761905,725.165271653031,30.228180800546312
ECT,normal,normal,700000008,42,-39.6619914788103,-0.9443331304478643,0.9047619047619048,0.9285714285714286,638.9992108131735,30.350079110567783
FIFO,normal,normal,700000009,66,-219.9247786765096,-3.3321936163107515,0.030303030303030304,0.030303030303030304,1355.6292882213154,68.67260177354693
RoundRobin,normal,normal,700000009,66,-127.32823778548199,-1.9292157240224543,0.5303030303030303,0.5303030303030303,715.3138747487296,33.78619716418135
Random,normal,normal,700000009,66,-151.47950796558735,-2.295144060084657,0.3939393939393939,0.3939393939393939,719.4126785446114,33.281999693246654
Greedy,normal,normal,700000009,66,-136.55203026111369,-2.0689701554714195,0.5303030303030303,0.5454545454545454,775.0749461164155,22.80145077999878
ECT,normal,normal,700000009,66,-84.20501210790505,-1.27583351678644,0.7878787878787878,0.803030303030303,708.0470477246919,20.73761693169046
FIFO,normal,normal,700000010,52,-198.66270311187174,-3.8204365983052258,0.019230769230769232,0.019230769230769232,1432.197306630957,56.34835955104016
RoundRobin,normal,normal,700000010,52,-106.81238416319306,-2.054084310830636,0.6153846153846154,0.6153846153846154,775.954815079754,28.097849589745326
Random,normal,normal,700000010,52,-113.74290123661113,-2.187363485319445,0.5961538461538461,0.5961538461538461,815.4430247810126,25.636227853641586
Greedy,normal,normal,700000010,52,-105.34394995812755,-2.025845191502453,0.5961538461538461,0.5961538461538461,833.9122056146747,25.997933920579705
ECT,normal,normal,700000010,52,-73.31460865183705,-1.4098963202276356,0.8269230769230769,0.8269230769230769,732.7299957905861,25.922430566528092
FIFO,normal,normal,700000011,63,-208.90088956930498,-3.315887136020714,0.031746031746031744,0.031746031746031744,801.3957268340873,57.81163216437017
RoundRobin,normal,normal,700000011,63,-122.1130666485091,-1.9383026452144303,0.5238095238095238,0.5238095238095238,767.1415606333503,24.318147677649748
Random,normal,normal,700000011,63,-139.11827324550896,-2.208226559452523,0.4444444444444444,0.4444444444444444,785.8910169973444,25.468589787160496
Greedy,normal,normal,700000011,63,-101.32410595851967,-1.6083191421987248,0.6349206349206349,0.6349206349206349,812.8877861932591,24.96550067955499
ECT,normal,normal,700000011,63,-73.07978533687782,-1.1599965926488542,0.8253968253968254,0.8412698412698413,738.8333794814321,22.1345299073872
FIFO,normal,normal,700000012,52,-169.55305035267156,-3.2606355837052226,0.038461538461538464,0.038461538461538464,1509.6753932467743,55.71128301207751
RoundRobin,normal,normal,700000012,52,-97.72396475726708,-1.8793070145628286,0.5384615384615384,0.5576923076923077,806.8783826836334,31.68448493201728
Random,normal,normal,700000012,52,-95.11973945745432,-1.8292257587971983,0.5961538461538461,0.5961538461538461,892.2780289857001,31.603755851480777
Greedy,normal,normal,700000012,52,-101.29099891029367,-1.947903825197955,0.5384615384615384,0.5576923076923077,891.938694507936,24.906828117743824
ECT,normal,normal,700000012,52,-79.57474904346265,-1.5302836354512048,0.6730769230769231,0.7115384615384616,706.4171915433493,25.064426654621176
FIFO,normal,normal,700000013,47,-129.77535326839006,-2.7611777291146824,0.1276595744680851,0.1276595744680851,1120.5446316567588,53.738110234925315
RoundRobin,normal,normal,700000013,47,-53.79868896574026,-1.1446529567178778,0.7446808510638298,0.7446808510638298,852.0796696550121,29.814455210318346
Random,normal,normal,700000013,47,-83.36860130131963,-1.7738000276876518,0.5106382978723404,0.5319148936170213,797.83315159055,53.36653462926956
Greedy,normal,normal,700000013,47,-62.875030968340624,-1.337766616347673,0.7446808510638298,0.7446808510638298,885.913839541125,29.1041999927508
ECT,normal,normal,700000013,47,-30.89461447161722,-0.6573322228003664,0.9148936170212766,0.9361702127659575,691.3207399688007,28.98504721883367
FIFO,normal,normal,700000014,54,-161.21764619769556,-2.9855119666239918,0.05555555555555555,0.05555555555555555,1080.1816839768146,60.39944703494683
RoundRobin,normal,normal,700000014,54,-101.06665268817028,-1.8716046794105607,0.5370370370370371,0.5555555555555556,710.9064635019544,31.398461985442054
Random,normal,normal,700000014,54,-116.1402571310064,-2.1507455024260445,0.4074074074074074,0.4074074074074074,766.0655368744254,34.56718722280702
Greedy,normal,normal,700000014,54,-102.67412406087554,-1.9013726677939915,0.5370370370370371,0.5740740740740741,759.9612752126404,24.846889831640972
ECT,normal,normal,700000014,54,-67.7851217205783,-1.2552800318625612,0.7777777777777778,0.7777777777777778,706.2801150519175,24.13716860003276
FIFO,normal,normal,700000015,54,-195.93191032285492,-3.6283687096824986,0.018518518518518517,0.018518518518518517,1074.4022979575693,57.12756387235264
RoundRobin,normal,normal,700000015,54,-106.81796433468945,-1.9781104506423972,0.5185185185185185,0.5185185185185185,762.359509590091,31.4371966936001
Random,normal,normal,700000015,54,-88.85137038702497,-1.6453957479078698,0.6296296296296297,0.6296296296296297,771.5181263377334,43.53360354066067
Greedy,normal,normal,700000015,54,-91.01743058133667,-1.6855079737284568,0.6111111111111112,0.6111111111111112,864.6330558795516,23.929910096021104
ECT,normal,normal,700000015,54,-47.88456277426419,-0.8867511624863739,0.8888888888888888,0.8888888888888888,721.3647594407861,24.447124194238057
FIFO,normal,normal,700000016,49,-163.03441350714806,-3.3272329287173075,0.04081632653061224,0.04081632653061224,1012.0048262911849,51.84472170912697
RoundRobin,normal,normal,700000016,49,-85.70678834544847,-1.7491181294989484,0.6326530612244898,0.6326530612244898,701.0982644904013,30.569379378909996
Random,normal,normal,700000016,49,-111.72958119019982,-2.280195534493874,0.4489795918367347,0.4489795918367347,757.1822454578986,37.362211318676756
Greedy,normal,normal,700000016,49,-74.5255008051207,-1.5209285878596062,0.673469387755102,0.673469387755102,730.692244761181,28.723422885494934
ECT,normal,normal,700000016,49,-38.40061143603005,-0.7836859476740826,0.9183673469387755,0.9183673469387755,624.8394246603422,27.292404459520736
FIFO,normal,normal,700000017,53,-188.91145284813547,-3.5643670348704806,0.03773584905660377,0.03773584905660377,1088.4325860476579,71.14735530651078
RoundRobin,normal,normal,700000017,53,-102.81599637966784,-1.9399244599937329,0.5849056603773585,0.6037735849056604,752.866014231656,34.74409764653103
Random,normal,normal,700000017,53,-128.00142373910856,-2.41512120262469,0.4716981132075472,0.4716981132075472,918.133162333672,49.98732350921192
Greedy,normal,normal,700000017,53,-111.73174445236126,-2.1081461217426654,0.5094339622641509,0.5283018867924528,790.1601735333437,24.663610800285074
ECT,normal,normal,700000017,53,-70.93774097551834,-1.3384479429343084,0.7547169811320755,0.7735849056603774,723.9569113975472,25.307306312459122
FIFO,normal,normal,700000018,38,-128.8545552733217,-3.390909349297939,0.10526315789473684,0.10526315789473684,1011.7855239564183,56.60456995332605
RoundRobin,normal,normal,700000018,38,-85.84391211789244,-2.2590503188919064,0.5526315789473685,0.5526315789473685,703.2408642688175,33.15756594174275
Random,normal,normal,700000018,38,-90.37115628808581,-2.3781883233706793,0.5263157894736842,0.5263157894736842,744.0352696119309,32.0925411304265
Greedy,normal,normal,700000018,38,-75.48712340515054,-1.9865032475039617,0.5789473684210527,0.5789473684210527,699.5159096571098,32.655925448853395
ECT,normal,normal,700000018,38,-47.47500230173476,-1.2493421658351254,0.8157894736842105,0.8157894736842105,643.4120986079687,32.1637278839819
FIFO,normal,normal,700000019,49,-181.39835117118093,-3.7020071667587944,0.0,0.0,0.0,57.34306594580636
RoundRobin,normal,normal,700000019,49,-120.22071525091548,-2.4534839847125607,0.4489795918367347,0.46938775510204084,815.2874935895949,34.87565517058399
Random,normal,normal,700000019,49,-124.24852971015324,-2.5356842797990455,0.40816326530612246,0.42857142857142855,840.1934580842235,31.53909530633728
Greedy,normal,normal,700000019,49,-111.55818363717866,-2.276697625248544,0.5510204081632653,0.5714285714285714,785.690331818275,25.765676294177606
ECT,normal,normal,700000019,49,-67.86029624497176,-1.3849040049994237,0.7755102040816326,0.7755102040816326,713.509485483,25.989894182503228
FIFO,normal,congested,700000020,52,-199.40670668924133,-3.834744359408487,0.0,0.0,0.0,148.6592910112314
RoundRobin,normal,congested,700000020,52,-161.47533608496337,-3.105294924710834,0.21153846153846154,0.21153846153846154,948.3585283510226,75.57015530767913
Random,normal,congested,700000020,52,-172.27825640135296,-3.313043392333711,0.21153846153846154,0.21153846153846154,839.5756862530978,66.05235708771873
Greedy,normal,congested,700000020,52,-161.31545411701285,-3.1022202714810163,0.17307692307692307,0.17307692307692307,995.9625868783971,32.8390142100164
ECT,normal,congested,700000020,52,-143.6861124436366,-2.7631944700699345,0.3076923076923077,0.3269230769230769,938.5492010266759,26.519530928343666
FIFO,normal,congested,700000021,54,-196.32032206357033,-3.635561519695747,0.0,0.0,0.0,188.973888888884
RoundRobin,normal,congested,700000021,54,-162.65799682416474,-3.012185126373421,0.16666666666666666,0.18518518518518517,1106.587309914249,78.27289569634361
Random,normal,congested,700000021,54,-163.45445121181677,-3.0269342817003104,0.18518518518518517,0.2037037037037037,1074.118197891511,108.86781012045539
Greedy,normal,congested,700000021,54,-144.7841362933309,-2.6811877091357577,0.2222222222222222,0.24074074074074073,843.5236585781859,36.5517388719603
ECT,normal,congested,700000021,54,-152.3164367531711,-2.820674754688354,0.24074074074074073,0.25925925925925924,1266.838388368084,28.214557138012577
FIFO,normal,congested,700000022,58,-196.38206592588034,-3.385897688377247,0.0,0.0,0.0,165.7577586206857
RoundRobin,normal,congested,700000022,58,-151.074253491969,-2.604728508482224,0.3103448275862069,0.3275862068965517,1033.3464462118081,63.283285354752664
Random,normal,congested,700000022,58,-155.25425924896132,-2.6767975732579536,0.1896551724137931,0.20689655172413793,1221.8723736530917,59.763754957470894
Greedy,normal,congested,700000022,58,-155.08900511755394,-2.6739483640957578,0.22413793103448276,0.22413793103448276,1290.87901640356,32.371339961213664
ECT,normal,congested,700000022,58,-155.96899857164803,-2.6891206650284145,0.20689655172413793,0.20689655172413793,1312.195364818616,27.299671468464062
FIFO,normal,congested,700000023,55,-209.97089310484304,-3.817652601906237,0.0,0.0,0.0,182.08345826634547
RoundRobin,normal,congested,700000023,55,-170.45700922794893,-3.0992183495990715,0.2,0.2,972.8248839272717,79.32509516800063
Random,normal,congested,700000023,55,-173.3723840959098,-3.1522251653801785,0.2,0.2,996.8959477546006,66.28137508274668
Greedy,normal,congested,700000023,55,-171.75540451919284,-3.122825536712597,0.16363636363636364,0.16363636363636364,1363.1065586787747,27.657530559387947
ECT,normal,congested,700000023,55,-170.60935153961395,-3.1019882098111626,0.16363636363636364,0.16363636363636364,1366.278363122142,25.577970433528897
FIFO,normal,congested,700000024,56,-195.6003167749614,-3.4928627995528823,0.017857142857142856,0.017857142857142856,1279.9257369422353,175.12854959196807
RoundRobin,normal,congested,700000024,56,-155.37524353130644,-2.7745579202019006,0.21428571428571427,0.21428571428571427,1187.3752064369862,85.8597001759952
Random,normal,congested,700000024,56,-154.30317858494277,-2.7554139033025495,0.25,0.25,1124.8031457859654,70.95803552268069
Greedy,normal,congested,700000024,56,-157.3469429680439,-2.8097668387150696,0.16071428571428573,0.16071428571428573,1255.9350720002815,36.725000535162785
ECT,normal,congested,700000024,56,-154.59869562615276,-2.7606909933241566,0.19642857142857142,0.19642857142857142,1171.2145124114543,26.965020091805435
FIFO,normal,congested,700000025,47,-159.03928062090694,-3.383814481295892,0.0,0.0,0.0,190.23234042552747
RoundRobin,normal,congested,700000025,47,-136.39876185894028,-2.9021013161476654,0.14893617021276595,0.14893617021276595,1426.5140591541658,92.42087117004989
Random,normal,congested,700000025,47,-114.862860448571,-2.443890647841936,0.2765957446808511,0.2765957446808511,1164.6881929054548,62.60438747395443
Greedy,normal,congested,700000025,47,-120.58547204126084,-2.5656483413034223,0.2127659574468085,0.2127659574468085,1244.2217192157882,48.35531552817878
ECT,normal,congested,700000025,47,-111.0035145791422,-2.361776905939196,0.2553191489361702,0.2765957446808511,1284.2793419815591,32.822531678804516
FIFO,normal,congested,700000026,48,-177.8626043797322,-3.7054709245777544,0.0,0.0,0.0,151.96229166666078
RoundRobin,normal,congested,700000026,48,-141.3675632009007,-2.945157566685431,0.2916666666666667,0.2916666666666667,907.4832130608877,77.15422713971444
Random,normal,congested,700000026,48,-153.1672204815822,-3.1909837600329625,0.1875,0.1875,1130.6865517163415,84.50860635239785
Greedy,normal,congested,700000026,48,-133.7734009357398,-2.7869458528279125,0.3125,0.3333333333333333,1080.4515322604445,31.747934676873196
ECT,normal,congested,700000026,48,-135.20214089692035,-2.816711268685841,0.2708333333333333,0.2708333333333333,908.9062810218667,27.675759278880633
FIFO,normal,congested,700000027,44,-170.85133271065143,-3.882984834332987,0.0,0.0,0.0,161.82310113972747
RoundRobin,normal,congested,700000027,44,-146.56673423521121,-3.331062141709346,0.18181818181818182,0.20454545454545456,1361.1034071648635,82.0590347318799
Random,normal,congested,700000027,44,-148.06592142734306,-3.3651345778941604,0.11363636363636363,0.11363636363636363,781.7251402645691,89.10553381021599
Greedy,normal,congested,700000027,44,-143.4489201181781,-3.260202729958593,0.18181818181818182,0.20454545454545456,1474.397154912559,33.04559654764133
ECT,normal,congested,700000027,44,-131.84914527437846,-2.9965714835086015,0.25,0.25,1245.2407682685587,32.02155694554139
FIFO,normal,congested,700000028,58,-210.07875490941132,-3.622047498438126,0.017241379310344827,0.017241379310344827,700.7095267465422,178.64434804850106
RoundRobin,normal,congested,700000028,58,-176.19629528999067,-3.037867160172253,0.15517241379310345,0.15517241379310345,965.0744310563985,66.7269810952094
Random,normal,congested,700000028,58,-175.89188941647578,-3.0326187830426856,0.1724137931034483,0.1724137931034483,1054.1386449990368,90.45913738308577
Greedy,normal,congested,700000028,58,-169.5996758520277,-2.92413234227634,0.1724137931034483,0.1724137931034483,972.8472169554658,33.06763952394782
ECT,normal,congested,700000028,58,-171.6336354457035,-2.959200611132819,0.15517241379310345,0.15517241379310345,1238.2801665602087,28.103039170833927
FIFO,normal,congested,700000029,53,-198.8577575478373,-3.7520331612799493,0.0,0.0,0.0,174.2799139356603
RoundRobin,normal,congested,700000029,53,-150.73358676675346,-2.8440299389953485,0.2641509433962264,0.2641509433962264,949.094757334327,68.22554291137449
Random,normal,congested,700000029,53,-160.56039860304796,-3.0294414830763765,0.2641509433962264,0.2641509433962264,1144.8273822432513,77.89630335958695
Greedy,normal,congested,700000029,53,-142.55438537924843,-2.6897053845141214,0.3018867924528302,0.3018867924528302,1005.4832463064852,35.02133348099317
ECT,normal,congested,700000029,53,-150.9871601331027,-2.848814342134013,0.3018867924528302,0.3018867924528302,1162.8236623063226,26.9378521311895
FIFO,normal,congested,700000030,52,-196.5586022248168,-3.7799731197080155,0.019230769230769232,0.019230769230769232,1932.6242527210911,168.28191091508234
RoundRobin,normal,congested,700000030,52,-157.32952286899086,-3.0255677474805935,0.21153846153846154,0.21153846153846154,1252.1735751602014,62.64322451820135
Random,normal,congested,700000030,52,-155.34292001569122,-2.9873638464556005,0.2692307692307692,0.2692307692307692,921.7755560287698,88.15344948034644
Greedy,normal,congested,700000030,52,-157.58655281268022,-3.0305106310130814,0.19230769230769232,0.19230769230769232,958.5199415199313,36.82782820665176
ECT,normal,congested,700000030,52,-154.13514908913126,-2.9641374824832933,0.25,0.25,1166.7489195987594,28.27962040918404
FIFO,normal,congested,700000031,41,-154.750846643437,-3.774410893742366,0.0,0.0,0.0,189.8519475753218
RoundRobin,normal,congested,700000031,41,-116.44980893530824,-2.840239242324591,0.2926829268292683,0.2926829268292683,975.0459935561071,72.95849042323195
Random,normal,congested,700000031,41,-118.33271103049032,-2.8861636836704956,0.2682926829268293,0.2682926829268293,849.0536860322289,86.79205502774946
Greedy,normal,congested,700000031,41,-118.45366398926575,-2.88911375583575,0.2926829268292683,0.2926829268292683,1131.3152863058972,38.19494661937903
ECT,normal,congested,700000031,41,-111.33165924362174,-2.7154063230151646,0.3902439024390244,0.3902439024390244,1071.7953083482603,36.47858103160956
FIFO,normal,congested,700000032,42,-148.4431670004226,-3.5343611190576807,0.023809523809523808,0.023809523809523808,461.4171091862375,171.9641499761446
RoundRobin,normal,congested,700000032,42,-118.28265950956308,-2.81625379784674,0.23809523809523808,0.23809523809523808,929.036632141019,55.51958432877896
Random,normal,congested,700000032,42,-124.13453410974121,-2.955584145470029,0.21428571428571427,0.21428571428571427,1058.6130502345754,67.00103601919986
Greedy,normal,congested,700000032,42,-116.82230911476684,-2.7814835503515916,0.23809523809523808,0.23809523809523808,892.0813206150233,31.056593760984274
ECT,normal,congested,700000032,42,-101.59645450282932,-2.418963202448317,0.35714285714285715,0.35714285714285715,945.7750742256663,29.821050819475754
FIFO,normal,congested,700000033,46,-166.64197921116045,-3.622651721981749,0.0,0.0,0.0,166.05794505279525
RoundRobin,normal,congested,700000033,46,-144.72296958358083,-3.14615151268654,0.15217391304347827,0.17391304347826086,1039.1998963951937,91.14603119727302
Random,normal,congested,700000033,46,-138.68450972329748,-3.014880646158641,0.21739130434782608,0.21739130434782608,1076.3932836587032,89.87209128027915
Greedy,normal,congested,700000033,46,-137.1245271951103,-2.980967982502398,0.1956521739130435,0.21739130434782608,1238.174880616422,33.84667269575833
ECT,normal,congested,700000033,46,-133.42296514593656,-2.9004992423029687,0.2391304347826087,0.2391304347826087,1299.3881729185,27.78222487681386
FIFO,normal,congested,700000034,46,-175.011026666073,-3.8045875362189783,0.0,0.0,0.0,143.03108695651815
RoundRobin,normal,congested,700000034,46,-148.6466765380016,-3.2314494899565567,0.21739130434782608,0.21739130434782608,1207.8713402489227,50.93167283129606
Random,normal,congested,700000034,46,-144.88848083247652,-3.149749583314707,0.21739130434782608,0.21739130434782608,1110.1545062322475,75.81046523409391
Greedy,normal,congested,700000034,46,-137.6169614557133,-2.991673075124202,0.2826086956521739,0.2826086956521739,1362.0813354027073,40.48437215023271
ECT,normal,congested,700000034,46,-132.00503281420583,-2.869674626395779,0.32608695652173914,0.32608695652173914,1154.1731069956702,26.871602733895212
FIFO,normal,congested,700000035,50,-183.50929529119995,-3.670185905823999,0.02,0.02,1107.2316629152256,198.31741439991507
RoundRobin,normal,congested,700000035,50,-139.31429385813763,-2.7862858771627526,0.28,0.28,1328.5072659074508,71.21276423575013
Random,normal,congested,700000035,50,-158.5146198856728,-3.170292397713456,0.12,0.12,1234.762732527997,90.01039943619082
Greedy,normal,congested,700000035,50,-146.44183004089493,-2.9288366008178985,0.18,0.18,1276.3320070166271,35.31870790938291
ECT,normal,congested,700000035,50,-141.23203079242361,-2.8246406158484723,0.26,0.26,1296.8735881496928,29.452796868422748
FIFO,normal,congested,700000036,59,-218.96143889922533,-3.711210828800429,0.03389830508474576,0.03389830508474576,1191.3987382740538,187.52525190189502
RoundRobin,normal,congested,700000036,59,-184.46520176844894,-3.1265288435330327,0.1864406779661017,0.1864406779661017,883.6169480330897,80.439934806352
Random,normal,congested,700000036,59,-186.62036121226822,-3.1630569696994613,0.13559322033898305,0.13559322033898305,1196.8982317180999,44.67326705652156
Greedy,normal,congested,700000036,59,-176.3941209183791,-2.9897308630233743,0.2033898305084746,0.2033898305084746,1005.5685692866176,28.490784080802527
ECT,normal,congested,700000036,59,-183.3642594191257,-3.1078688037139948,0.13559322033898305,0.13559322033898305,925.0741937456014,28.234493526900522
FIFO,normal,congested,700000037,45,-144.16689535332867,-3.203708785629526,0.022222222222222223,0.022222222222222223,787.6059347343413,139.02012327146264
RoundRobin,normal,congested,700000037,45,-116.13626452305124,-2.5808058782900276,0.26666666666666666,0.26666666666666666,1003.9786625541057,76.18761846883677
Random,normal,congested,700000037,45,-116.32438721041747,-2.5849863824537214,0.2222222222222222,0.2222222222222222,1123.9911865421634,61.12151391350553
Greedy,normal,congested,700000037,45,-112.58325135677892,-2.5018500301506426,0.24444444444444444,0.24444444444444444,1228.1555472407606,37.03668516497518
ECT,normal,congested,700000037,45,-97.87452289790653,-2.1749893977312564,0.3333333333333333,0.3333333333333333,1004.1895720049068,30.255950551155543
FIFO,normal,congested,700000038,59,-234.62535707154404,-3.9767009673143057,0.01694915254237288,0.01694915254237288,864.7528363406932,177.67827687590903
RoundRobin,normal,congested,700000038,59,-194.0662371870877,-3.289258257408266,0.1864406779661017,0.1864406779661017,962.438169435467,93.61555723735623
Random,normal,congested,700000038,59,-200.33257890522117,-3.3954674390715454,0.1694915254237288,0.1694915254237288,1082.3599146006068,98.32961907481857
Greedy,normal,congested,700000038,59,-187.15466690767545,-3.172112998435177,0.2033898305084746,0.2033898305084746,1211.5346089986963,32.584717382303694
ECT,normal,congested,700000038,59,-194.13101762553066,-3.290356230941198,0.15254237288135594,0.1694915254237288,1114.8393924199634,26.231988727427765
FIFO,normal,congested,700000039,45,-165.11895842726926,-3.66931018727265,0.0,0.0,0.0,169.67499077622526
RoundRobin,normal,congested,700000039,45,-143.44781690512355,-3.187729264558301,0.1111111111111111,0.1111111111111111,1347.2123318997596,72.82277011806215
Random,normal,congested,700000039,45,-133.8821907970984,-2.9751597954910753,0.2222222222222222,0.2222222222222222,929.1053995219615,101.71195785532592
Greedy,normal,congested,700000039,45,-138.920545375743,-3.0871232305720664,0.15555555555555556,0.15555555555555556,1313.0221714315946,29.929074253530754
ECT,normal,congested,700000039,45,-141.6710409472559,-3.1482453543834645,0.1111111111111111,0.1111111111111111,1337.3613715310807,28.36018800472672
FIFO,variable,normal,700000040,74,-258.36585151621006,-3.4914304258947304,0.02702702702702703,0.02702702702702703,937.2377483342752,68.66337629003397
RoundRobin,variable,normal,700000040,74,-168.74271243326882,-2.280306924773903,0.43243243243243246,0.44594594594594594,749.1413688726989,29.50745296517171
Random,variable,normal,700000040,74,-173.40111016967464,-2.343258245536144,0.4189189189189189,0.4189189189189189,825.6406370738795,29.914392376128934
Greedy,variable,normal,700000040,74,-144.99613915643033,-1.9594072858977072,0.5675675675675675,0.5675675675675675,834.8640755619126,18.985541969689454
ECT,variable,normal,700000040,74,-104.73519605700727,-1.4153404872568551,0.7432432432432432,0.7432432432432432,814.1739394844793,18.574315112634334
FIFO,variable,normal,700000041,84,-268.2910067273728,-3.1939405562782475,0.047619047619047616,0.047619047619047616,1411.0777907482645,68.33034930393796
RoundRobin,variable,normal,700000041,84,-159.35405961270232,-1.8970721382464562,0.5119047619047619,0.5119047619047619,829.7491820777166,31.329892619752453
Random,variable,normal,700000041,84,-153.25901733075054,-1.8245121110803635,0.47619047619047616,0.4880952380952381,825.1285747295117,21.91267025099552
Greedy,variable,normal,700000041,84,-163.6482940454973,-1.9481939767321106,0.5,0.5,928.4128189147675,18.09951241569301
ECT,variable,normal,700000041,84,-140.5956125355625,-1.6737572920900299,0.5952380952380952,0.5952380952380952,866.1458825216558,17.068144381598692
FIFO,variable,normal,700000042,72,-247.13263501849764,-3.432397708590245,0.0,0.0,0.0,60.47172521147321
RoundRobin,variable,normal,700000042,72,-133.6163682435844,-1.8557828922720054,0.5138888888888888,0.5138888888888888,699.422387360274,29.08865155580883
Random,variable,normal,700000042,72,-144.05676909800485,-2.000788459694512,0.4722222222222222,0.4722222222222222,794.0835793643613,31.761876711855002
Greedy,variable,normal,700000042,72,-130.5007313122723,-1.8125101571148932,0.5972222222222222,0.5972222222222222,838.4012445891907,20.635171685423884
ECT,variable,normal,700000042,72,-88.55122142397286,-1.2298780753329563,0.7777777777777778,0.7916666666666666,742.1956891342136,19.3397253471776
FIFO,variable,normal,700000043,84,-276.12703919252976,-3.287226657053926,0.011904761904761904,0.011904761904761904,1122.4986176293535,55.55441011090005
RoundRobin,variable,normal,700000043,84,-153.6129960516112,-1.8287261434715618,0.5357142857142857,0.5357142857142857,771.0332664770234,31.111766224337945
Random,variable,normal,700000043,84,-178.87867711260876,-2.12950806086439,0.4523809523809524,0.4642857142857143,854.6938477482053,31.60078864637771
Greedy,variable,normal,700000043,84,-156.45159678583053,-1.8625190093551254,0.5,0.5,831.4806260228559,19.29980276787085
ECT,variable,normal,700000043,84,-126.97169941194848,-1.5115678501422438,0.7023809523809523,0.7142857142857143,839.1514820929157,16.49854768637005
FIFO,variable,normal,700000044,90,-318.1095344694871,-3.534550382994301,0.011111111111111112,0.011111111111111112,1210.6784982763909,72.29728550624569
RoundRobin,variable,normal,700000044,90,-208.40335943429955,-2.3155928826033283,0.4444444444444444,0.4444444444444444,850.3015680777884,30.956378090293523
Random,variable,normal,700000044,90,-223.90868565100573,-2.487874285011175,0.37777777777777777,0.3888888888888889,832.2966304669992,28.84174939552748
Greedy,variable,normal,700000044,90,-193.08061612844398,-2.145340179204933,0.4888888888888889,0.4888888888888889,867.3754142631159,21.81464720174139
ECT,variable,normal,700000044,90,-153.13286156151187,-1.7014762395723542,0.6666666666666666,0.6666666666666666,891.1814941781765,16.570421222674767
FIFO,variable,normal,700000045,92,-318.269646688114,-3.4594526813925435,0.0,0.010869565217391304,1005.5537346328066,66.79363070092211
RoundRobin,variable,normal,700000045,92,-219.5638151598037,-2.386563208258736,0.41304347826086957,0.42391304347826086,741.2708242342097,33.26376993724233
Random,variable,normal,700000045,92,-209.46659572492314,-2.276810823096991,0.45652173913043476,0.4673913043478261,775.7483057357645,34.33918024324489
Greedy,variable,normal,700000045,92,-203.86991815125492,-2.2159773712092927,0.5108695652173914,0.5217391304347826,861.6388013294728,15.825527848616687
ECT,variable,normal,700000045,92,-173.21586435850404,-1.8827811343315657,0.5978260869565217,0.6086956521739131,757.3408177258194,15.000000622934179
FIFO,variable,normal,700000046,84,-292.00637828561804,-3.4762664081621195,0.03571428571428571,0.03571428571428571,1307.9653355751987,53.823199725522535
RoundRobin,variable,normal,700000046,84,-167.84034990337756,-1.9980994036116375,0.5,0.5119047619047619,736.6011666162168,22.959629755475166
Random,variable,normal,700000046,84,-180.18748837522043,-2.1450891473240525,0.5,0.5,781.1186651501606,25.334080779377945
Greedy,variable,normal,700000046,84,-168.7456944796403,-2.008877315233813,0.5238095238095238,0.5238095238095238,787.8632011432753,18.818737020423733
ECT,variable,normal,700000046,84,-121.45329334044203,-1.445872539767167,0.7380952380952381,0.75,756.6662536017326,16.71496478257246
FIFO,variable,normal,700000047,76,-245.11142205590374,-3.22515029020926,0.02631578947368421,0.02631578947368421,1274.8021997942344,66.20760548835683
RoundRobin,variable,normal,700000047,76,-162.33560992748875,-2.135994867466957,0.4868421052631579,0.4868421052631579,814.4923481786191,38.65260545064244
Random,variable,normal,700000047,76,-153.47254164058623,-2.01937554790245,0.4473684210526316,0.4473684210526316,883.1955691711065,28.773859623386244
Greedy,variable,normal,700000047,76,-131.6688538561107,-1.7324849191593514,0.5789473684210527,0.5789473684210527,928.338805933373,22.443445489089324
ECT,variable,normal,700000047,76,-107.95952015829826,-1.4205200020828719,0.6842105263157895,0.7105263157894737,828.5954675386934,18.58952154517124
FIFO,variable,normal,700000048,83,-276.6253138014994,-3.332835106042161,0.024096385542168676,0.024096385542168676,1277.5443108562117,61.63351392916302
RoundRobin,variable,normal,700000048,83,-175.65345079152831,-2.11630663604251,0.42168674698795183,0.43373493975903615,673.7944219851017,24.92641980769317
Random,variable,normal,700000048,83,-185.69330160583326,-2.237268694046184,0.40963855421686746,0.40963855421686746,753.5625288704671,26.278343602240028
Greedy,variable,normal,700000048,83,-187.14674448196382,-2.254780053999564,0.43373493975903615,0.43373493975903615,847.6756127112307,17.86691590471072
ECT,variable,normal,700000048,83,-160.64810349312546,-1.9355193191942828,0.5903614457831325,0.6024096385542169,836.2243306343657,17.36999629077917
FIFO,variable,normal,700000049,74,-204.4108710608668,-2.762309068390092,0.04054054054054054,0.04054054054054054,1117.9114822044478,51.16490138825666
RoundRobin,variable,normal,700000049,74,-111.8792153189082,-1.5118812880933539,0.581081081081081,0.5945945945945946,650.6819151695101,24.20015330069574
Random,variable,normal,700000049,74,-118.52123332268444,-1.6016382881443842,0.5405405405405406,0.5405405405405406,697.7511120589526,33.979690416361
Greedy,variable,normal,700000049,74,-101.93602144874659,-1.3775138033614405,0.6351351351351351,0.6351351351351351,715.3396535040739,18.283514494903685
ECT,variable,normal,700000049,74,-67.27036158611803,-0.9090589403529463,0.8243243243243243,0.8243243243243243,637.5163809251192,18.495453717896197
FIFO,variable,normal,700000050,79,-277.40875205146665,-3.5115031905248943,0.02531645569620253,0.02531645569620253,752.5033646181206,72.89330129435965
RoundRobin,variable,normal,700000050,79,-164.7804056580079,-2.085827919721619,0.4810126582278481,0.4810126582278481,829.4082790397263,31.51674155866119
Random,variable,normal,700000050,79,-203.98991702988633,-2.5821508484795737,0.35443037974683544,0.35443037974683544,872.5872843909983,23.477758583053465
Greedy,variable,normal,700000050,79,-181.21458996997615,-2.2938555692402045,0.46835443037974683,0.46835443037974683,892.0961729254643,19.377136941543586
ECT,variable,normal,700000050,79,-153.9755333802463,-1.9490573845600798,0.6075949367088608,0.620253164556962,829.0580702490635,17.90137563292818
FIFO,variable,normal,700000051,100,-348.63986991297236,-3.4863986991297238,0.03,0.03,686.7823836037538,64.50875173314925
RoundRobin,variable,normal,700000051,100,-214.66803490041139,-2.146680349004114,0.45,0.46,745.9166356500889,31.800794392871193
Random,variable,normal,700000051,100,-222.58741595116666,-2.2258741595116667,0.44,0.44,878.9122689670072,37.86734913419536
Greedy,variable,normal,700000051,100,-214.2600163880011,-2.142600163880011,0.5,0.51,937.8906426204462,16.45353569670678
ECT,variable,normal,700000051,100,-189.61960250532286,-1.8961960250532286,0.59,0.59,880.8063674162628,15.040021731968329
FIFO,variable,normal,700000052,79,-272.0661983046372,-3.4438759279068005,0.012658227848101266,0.012658227848101266,1336.365761311164,58.863018599483105
RoundRobin,variable,normal,700000052,79,-174.93070657897235,-2.214312741505979,0.4810126582278481,0.4936708860759494,701.2173292957971,27.918656258139787
Random,variable,normal,700000052,79,-189.8636890411534,-2.403337835963967,0.45569620253164556,0.45569620253164556,830.9410400951286,38.79551039816093
Greedy,variable,normal,700000052,79,-150.78849421949286,-1.9087151167024412,0.5316455696202531,0.5316455696202531,729.4453903740337,17.756359411004855
ECT,variable,normal,700000052,79,-114.91348284505221,-1.454601048671547,0.759493670886076,0.7721518987341772,716.2803165565876,17.893892092483924
FIFO,variable,normal,700000053,82,-295.5298843643568,-3.6040229800531316,0.036585365853658534,0.036585365853658534,1036.0896698884678,56.70337788345887
RoundRobin,variable,normal,700000053,82,-179.25617817103983,-2.186050953305364,0.5,0.5,813.7944977350974,27.92539325154466
Random,variable,normal,700000053,82,-176.4618043780112,-2.151973224122088,0.5365853658536586,0.5365853658536586,870.8099147019467,43.97558350979086
Greedy,variable,normal,700000053,82,-153.54857349835737,-1.8725435792482605,0.6219512195121951,0.6219512195121951,863.83148403078,21.0438216214504
ECT,variable,normal,700000053,82,-136.64024964291116,-1.66634450784038,0.6829268292682927,0.6951219512195121,819.9784133271864,18.42537985727287
FIFO,variable,normal,700000054,86,-307.2383390045975,-3.5725388256348545,0.023255813953488372,0.023255813953488372,1133.2773115015536,61.61116089212474
RoundRobin,variable,normal,700000054,86,-199.82784220550772,-2.3235795605291596,0.4418604651162791,0.4418604651162791,837.5954664829599,30.94328586223274
Random,variable,normal,700000054,86,-200.36041491070154,-2.329772266403506,0.4186046511627907,0.4186046511627907,807.4968515243959,37.776182726555845
Greedy,variable,normal,700000054,86,-198.20584491165064,-2.3047191268796587,0.43023255813953487,0.4418604651162791,800.787078037916,17.49978904480383
ECT,variable,normal,700000054,86,-155.03367393991832,-1.8027171388362595,0.6046511627906976,0.6162790697674418,804.2553005088788,16.06981179045008
FIFO,variable,normal,700000055,84,-283.83896324605644,-3.379035276738767,0.011904761904761904,0.011904761904761904,1499.890630753695,69.23573230766259
RoundRobin,variable,normal,700000055,84,-177.81939675529316,-2.1168975804201566,0.42857142857142855,0.42857142857142855,826.1055363122416,30.759524683151458
Random,variable,normal,700000055,84,-192.8083120577839,-2.2953370483069513,0.36904761904761907,0.36904761904761907,767.8704003209346,36.46933706618918
Greedy,variable,normal,700000055,84,-182.04775019995148,-2.1672351214279937,0.4523809523809524,0.4642857142857143,923.3650677226559,19.148919981793046
ECT,variable,normal,700000055,84,-128.2279276966301,-1.526522948769406,0.6309523809523809,0.6428571428571429,828.1573994545884,17.715306972320953
FIFO,variable,normal,700000056,87,-270.10363199815356,-3.1046394482546384,0.0,0.0,0.0,66.1746294446951
RoundRobin,variable,normal,700000056,87,-154.75764789888524,-1.7788235390676463,0.4942528735632184,0.5172413793103449,746.8282865356949,36.75972983005197
Random,variable,normal,700000056,87,-163.24372059316394,-1.8763646045191258,0.4942528735632184,0.5057471264367817,839.8332152645464,22.153854542546778
Greedy,variable,normal,700000056,87,-153.27059032085003,-1.7617309232281613,0.5172413793103449,0.5172413793103449,826.0075005311983,17.84806637371481
ECT,variable,normal,700000056,87,-98.01116747875098,-1.1265651434339192,0.8045977011494253,0.8045977011494253,776.3818630684328,16.629050217938516
FIFO,variable,normal,700000057,75,-283.181492610001,-3.775753234800013,0.013333333333333334,0.013333333333333334,865.626345387137,68.69444710032411
RoundRobin,variable,normal,700000057,75,-177.28626006860236,-2.363816800914698,0.49333333333333335,0.49333333333333335,764.1151226396952,34.73903556094248
Random,variable,normal,700000057,75,-172.29061867413716,-2.2972082489884955,0.49333333333333335,0.49333333333333335,894.0536963088673,38.976846549479454
Greedy,variable,normal,700000057,75,-167.79007337883655,-2.2372009783844873,0.5333333333333333,0.56,911.2662506404856,23.433762951052017
ECT,variable,normal,700000057,75,-131.00540410469523,-1.7467387213959364,0.7066666666666667,0.7066666666666667,868.7617213708385,18.383081480005206
FIFO,variable,normal,700000058,92,-316.2447826345541,-3.4374432895060227,0.021739130434782608,0.021739130434782608,1264.1358121471796,68.12451949731482
RoundRobin,variable,normal,700000058,92,-215.1181401886014,-2.3382406542239282,0.42391304347826086,0.42391304347826086,800.5324147190329,30.610580127408536
Random,variable,normal,700000058,92,-210.06291690304735,-2.283292575033123,0.44565217391304346,0.4673913043478261,743.879307264577,39.19061794554033
Greedy,variable,normal,700000058,92,-201.15609344280196,-2.186479276552195,0.5108695652173914,0.5217391304347826,821.4136663794865,19.28500903880462
ECT,variable,normal,700000058,92,-180.9095680720229,-1.9664083486089445,0.6304347826086957,0.6413043478260869,815.7071660330452,15.62386599024428
FIFO,variable,normal,700000059,99,-323.6602083783099,-3.2692950341243425,0.030303030303030304,0.030303030303030304,1201.827832801848,61.17009273334321
RoundRobin,variable,normal,700000059,99,-221.41489964769923,-2.236514137855548,0.3838383838383838,0.3939393939393939,829.8271355004614,35.694384573403
Random,variable,normal,700000059,99,-221.00421918937388,-2.232365850397716,0.37373737373737376,0.3838383838383838,820.8890557179209,33.72398111568251
Greedy,variable,normal,700000059,99,-206.0608316035745,-2.0814225414502476,0.45454545454545453,0.45454545454545453,947.4140239889402,15.872372871257623
ECT,variable,normal,700000059,99,-181.40733790661594,-1.8323973525920803,0.5050505050505051,0.5050505050505051,840.0624425644304,14.264116917130531
FIFO,variable,congested,700000060,94,-354.9636968440859,-3.776209540894531,0.0,0.0,0.0,181.2311470360363
RoundRobin,variable,congested,700000060,94,-301.773583799102,-3.210357274458532,0.1276595744680851,0.1276595744680851,1278.614100240014,90.9324435789698
Random,variable,congested,700000060,94,-312.31146096698285,-3.3224623507125837,0.11702127659574468,0.11702127659574468,1367.113102959299,109.49423124959556
Greedy,variable,congested,700000060,94,-296.8372483702706,-3.157843067768836,0.07446808510638298,0.07446808510638298,1344.2869220036753,32.2146701809412
ECT,variable,congested,700000060,94,-295.2064202214943,-3.140493832143556,0.09574468085106383,0.09574468085106383,1386.6249991249472,24.60966698965997
FIFO,variable,congested,700000061,88,-331.9785689510446,-3.7724837380800524,0.011363636363636364,0.011363636363636364,1743.4177007831054,181.36319563761242
RoundRobin,variable,congested,700000061,88,-287.55238666100064,-3.267640757511371,0.07954545454545454,0.07954545454545454,1203.839444977037,78.21276913371217
Random,variable,congested,700000061,88,-271.92300466841675,-3.090034143959281,0.09090909090909091,0.09090909090909091,1131.1054684821584,44.34994964741464
Greedy,variable,congested,700000061,88,-280.656179122405,-3.189274762754602,0.07954545454545454,0.07954545454545454,1342.568597070222,40.31182953172558
ECT,variable,congested,700000061,88,-271.6431045715104,-3.086853461039891,0.09090909090909091,0.09090909090909091,1100.323714233848,23.76816727884501
FIFO,variable,congested,700000062,89,-329.876140695834,-3.7064734909644272,0.011235955056179775,0.011235955056179775,1046.1064386158496,158.8087978744094
RoundRobin,variable,congested,700000062,89,-282.0512200211306,-3.169114831698096,0.11235955056179775,0.11235955056179775,1215.5640869022918,72.1542644131415
Random,variable,congested,700000062,89,-280.9519395951106,-3.156763366237198,0.16853932584269662,0.16853932584269662,1142.3287012198318,98.4027433582314
Greedy,variable,congested,700000062,89,-273.33046284702806,-3.071128796034023,0.07865168539325842,0.07865168539325842,1160.8114704911966,33.561404594081026
ECT,variable,congested,700000062,89,-283.74523638085276,-3.188148723380368,0.056179775280898875,0.056179775280898875,1334.8964661530833,22.153678659331312
FIFO,variable,congested,700000063,85,-306.21615677922756,-3.602543020932089,0.011764705882352941,0.011764705882352941,1007.9275072488614,163.54482449678213
RoundRobin,variable,congested,700000063,85,-259.1541164433275,-3.048871958156794,0.09411764705882353,0.09411764705882353,1056.9196571119767,69.64591345218504
Random,variable,congested,700000063,85,-257.7775521862839,-3.032677084544517,0.10588235294117647,0.10588235294117647,1007.1320644824389,88.59009357317636
Greedy,variable,congested,700000063,85,-249.96947388046522,-2.940817339770179,0.09411764705882353,0.09411764705882353,1177.000763461288,27.12967287123935
ECT,variable,congested,700000063,85,-251.51606082315482,-2.95901248027241,0.07058823529411765,0.07058823529411765,913.3202708186235,23.96095707279152
FIFO,variable,congested,700000064,76,-274.47853535308064,-3.6115596756984294,0.0,0.0,0.0,168.29029163944418
RoundRobin,variable,congested,700000064,76,-228.84770925125102,-3.011154069095408,0.13157894736842105,0.13157894736842105,1150.081082885151,64.32354408437519
Random,variable,congested,700000064,76,-230.418578555826,-3.031823402050342,0.10526315789473684,0.11842105263157894,1475.420313117884,37.91945174051142
Greedy,variable,congested,700000064,76,-215.1211109805111,-2.8305409339540937,0.15789473684210525,0.15789473684210525,1097.0268196368831,26.558565790769222
ECT,variable,congested,700000064,76,-218.46353846308023,-2.874520242935266,0.13157894736842105,0.14473684210526316,1310.7845490504262,26.141876516222393
FIFO,variable,congested,700000065,91,-348.7821275018456,-3.832770631888413,0.0,0.0,0.0,199.79604395601896
RoundRobin,variable,congested,700000065,91,-301.694787579061,-3.3153273360336377,0.0989010989010989,0.0989010989010989,1088.3613418471477,106.20252714444482
Random,variable,congested,700000065,91,-305.1373117952369,-3.3531572724751304,0.054945054945054944,0.054945054945054944,1094.5423430085789,61.969358439415075
Greedy,variable,congested,700000065,91,-285.18963619178453,-3.133952046063566,0.07692307692307693,0.07692307692307693,1025.4248292388972,28.551591806748743
ECT,variable,congested,700000065,91,-286.1697589754461,-3.1447226261038033,0.07692307692307693,0.07692307692307693,1004.2611817567723,25.170202638830666
FIFO,variable,congested,700000066,96,-368.27664955418777,-3.8362150995227893,0.0,0.0,0.0,163.98296319318138
RoundRobin,variable,congested,700000066,96,-325.96699634776394,-3.3954895452892075,0.09375,0.10416666666666667,1498.1234315433305,88.60455576860704
Random,variable,congested,700000066,96,-309.4115827115038,-3.223037319911498,0.125,0.125,1257.8305547583552,53.280255116496335
Greedy,variable,congested,700000066,96,-312.5662651490975,-3.255898595303099,0.07291666666666667,0.07291666666666667,1560.8552014971804,30.981281397350045
ECT,variable,congested,700000066,96,-310.08715805161046,-3.230074563037609,0.08333333333333333,0.08333333333333333,1500.753223910921,23.895217676783876
FIFO,variable,congested,700000067,75,-269.80448235210156,-3.5973930980280207,0.0,0.0,0.0,179.61733333332012
RoundRobin,variable,congested,700000067,75,-235.9772024797492,-3.1463626997299894,0.08,0.08,1347.2819607417616,92.27319283490911
Random,variable,congested,700000067,75,-220.37731316530676,-2.9383641755374232,0.13333333333333333,0.13333333333333333,1081.2350040174333,60.966999945174585
Greedy,variable,congested,700000067,75,-214.37968027439797,-2.858395736991973,0.12,0.12,1413.1139612456357,34.01012481704215
ECT,variable,congested,700000067,75,-219.771814765383,-2.93029086353844,0.10666666666666667,0.10666666666666667,1490.8703454732372,26.16188185661101
FIFO,variable,congested,700000068,81,-271.21935713028194,-3.348387125065209,0.037037037037037035,0.037037037037037035,1355.7305790201556,145.41362947413884
RoundRobin,variable,congested,700000068,81,-223.48854685793066,-2.7591178624435884,0.19753086419753085,0.2222222222222222,1063.291629071624,77.89841453057385
Random,variable,congested,700000068,81,-220.58529080909994,-2.7232751951740735,0.19753086419753085,0.19753086419753085,1153.4428480030663,77.76029461951826
Greedy,variable,congested,700000068,81,-213.72515210280127,-2.6385821247259416,0.16049382716049382,0.1728395061728395,1106.7259785820563,25.57192787719751
ECT,variable,congested,700000068,81,-220.88597532070503,-2.7269873496383337,0.13580246913580246,0.13580246913580246,1303.5761285699728,21.18756746266202
FIFO,variable,congested,700000069,84,-288.2920591751031,-3.432048323513132,0.011904761904761904,0.011904761904761904,1201.3710461889866,174.2269288150527
RoundRobin,variable,congested,700000069,84,-246.78223854326882,-2.9378837921817715,0.15476190476190477,0.15476190476190477,1207.6497964560772,87.4687486685551
Random,variable,congested,700000069,84,-243.9485647218093,-2.9041495800215396,0.11904761904761904,0.11904761904761904,1126.1744171228154,68.58277408096028
Greedy,variable,congested,700000069,84,-240.11135654265115,-2.8584685302696564,0.07142857142857142,0.07142857142857142,1224.5765234981457,28.402014303305823
ECT,variable,congested,700000069,84,-237.23020396568467,-2.8241690948295792,0.10714285714285714,0.10714285714285714,1466.8511443773912,23.006298080152796
FIFO,variable,congested,700000070,100,-380.88695317956274,-3.8088695317956276,0.0,0.0,0.0,182.84882679678591
RoundRobin,variable,congested,700000070,100,-338.7600847681719,-3.387600847681719,0.04,0.04,1792.3959904851947,83.69782344203799
Random,variable,congested,700000070,100,-338.5296089664176,-3.385296089664176,0.11,0.11,1342.4176086934224,122.02897626869316
Greedy,variable,congested,700000070,100,-330.05693548175867,-3.3005693548175867,0.01,0.01,1969.8933817962818,37.2780858444802
ECT,variable,congested,700000070,100,-326.25062451235493,-3.262506245123549,0.02,0.02,876.5011064093669,24.195962977434277
FIFO,variable,congested,700000071,87,-341.51717479285617,-3.925484767733979,0.0,0.0,0.0,196.7984884039463
RoundRobin,variable,congested,700000071,87,-306.12070686368804,-3.51862881452515,0.022988505747126436,0.022988505747126436,1472.8408016836659,88.25566251020734
Random,variable,congested,700000071,87,-305.42896216343377,-3.51067772601648,0.04597701149425287,0.06896551724137931,1582.5344603309468,82.48670083421507
Greedy,variable,congested,700000071,87,-290.7808753178682,-3.3423089116996345,0.011494252873563218,0.011494252873563218,1378.5458265970278,26.023768859107804
ECT,variable,congested,700000071,87,-288.1671456858568,-3.31226604236617,0.034482758620689655,0.034482758620689655,1447.9233343186881,28.156803633684287
FIFO,variable,congested,700000072,70,-278.94056621441297,-3.984865231634471,0.0,0.0,0.0,141.6832857142822
RoundRobin,variable,congested,700000072,70,-237.0257796142656,-3.38608256591808,0.17142857142857143,0.17142857142857143,1004.8592702767404,62.839709245281135
Random,variable,congested,700000072,70,-234.50027852058776,-3.3500039788655394,0.21428571428571427,0.21428571428571427,1008.6946796286982,92.44718903116816
Greedy,variable,congested,700000072,70,-238.4636678266528,-3.40662382609504,0.1,0.11428571428571428,1020.5406214204525,21.434575721757408
ECT,variable,congested,700000072,70,-235.34453952638466,-3.3620648503769237,0.12857142857142856,0.12857142857142856,1040.5948148505968,21.21809516306402
FIFO,variable,congested,700000073,92,-320.6194160746336,-3.4849936529851475,0.010869565217391304,0.010869565217391304,1169.3164243830217,186.5363925919375
RoundRobin,variable,congested,700000073,92,-270.83381372825926,-2.943845801394122,0.13043478260869565,0.14130434782608695,1278.0574207759216,93.53897486815785
Random,variable,congested,700000073,92,-273.03995385393773,-2.9678255853688884,0.05434782608695652,0.05434782608695652,1136.6255713737476,50.88950407602973
Greedy,variable,congested,700000073,92,-259.155643314137,-2.8169091664580113,0.07608695652173914,0.08695652173913043,1141.0955748207487,25.813751144479117
ECT,variable,congested,700000073,92,-257.22403097952423,-2.79591338021222,0.09782608695652174,0.09782608695652174,1283.1461860031459,26.235584653488594
FIFO,variable,congested,700000074,105,-403.0072613890247,-3.8381643941811876,0.02857142857142857,0.02857142857142857,1136.3158875402607,191.61580327435888
RoundRobin,variable,congested,700000074,105,-353.828887236486,-3.3697989260617716,0.10476190476190476,0.10476190476190476,1207.246849432039,89.58158315335604
Random,variable,congested,700000074,105,-356.046930087778,-3.3909231436931235,0.08571428571428572,0.08571428571428572,1190.4300798230493,99.16428116303737
Greedy,variable,congested,700000074,105,-342.60398610130756,-3.262895105726739,0.0380952380952381,0.0380952380952381,758.0978548011749,31.050951818021634
ECT,variable,congested,700000074,105,-341.8996349986894,-3.256186999987518,0.047619047619047616,0.047619047619047616,966.3131484434255,24.113732478726078
FIFO,variable,congested,700000075,78,-285.55339196971914,-3.660940922688707,0.0,0.0,0.0,178.9568793800763
RoundRobin,variable,congested,700000075,78,-233.63821834795414,-2.9953617736917195,0.14102564102564102,0.14102564102564102,1146.0338429112433,77.82194673007801
Random,variable,congested,700000075,78,-236.14279454775073,-3.0274717249711633,0.14102564102564102,0.15384615384615385,1168.7229319851679,44.16960001086747
Greedy,variable,congested,700000075,78,-232.56359305138602,-2.981584526299821,0.1282051282051282,0.1282051282051282,1530.3134747081817,31.797275128657486
ECT,variable,congested,700000075,78,-237.61841396111907,-3.0463899225784496,0.10256410256410256,0.11538461538461539,1352.5111650747738,22.820272097875172
FIFO,variable,congested,700000076,88,-310.76741717341855,-3.531447922425211,0.0,0.0,0.0,174.57413267430178
RoundRobin,variable,congested,700000076,88,-255.1024651359648,-2.8988916492723273,0.14772727272727273,0.14772727272727273,1290.8461168710933,71.94772590594697
Random,variable,congested,700000076,88,-254.6516396620691,-2.8937686325235124,0.125,0.125,1407.242912698087,54.69740521837829
Greedy,variable,congested,700000076,88,-252.48664556795455,-2.8691664269085746,0.10227272727272728,0.10227272727272728,1355.166800492969,29.082005165379577
ECT,variable,congested,700000076,88,-252.58675296230518,-2.870304010935286,0.10227272727272728,0.10227272727272728,1470.4419771510902,22.493458343623498
FIFO,variable,congested,700000077,93,-342.01227590389277,-3.6775513538052986,0.010752688172043012,0.010752688172043012,1630.6054419057127,189.07038298198503
RoundRobin,variable,congested,700000077,93,-295.88765467474866,-3.181587684674717,0.0967741935483871,0.0967741935483871,1338.5229206083977,87.90597138948523
Random,variable,congested,700000077,93,-280.0716930978579,-3.011523581697397,0.13978494623655913,0.15053763440860216,1192.8732663484577,52.05225532436163
Greedy,variable,congested,700000077,93,-275.4853415709912,-2.962207973881626,0.10752688172043011,0.10752688172043011,1375.4095699192408,29.30467445607654
ECT,variable,congested,700000077,93,-278.6946857557112,-2.9967170511366796,0.10752688172043011,0.10752688172043011,1511.2286993728135,24.798939512405248
FIFO,variable,congested,700000078,108,-421.91490082787163,-3.9066194521099225,0.0,0.0,0.0,183.3563888888663
RoundRobin,variable,congested,700000078,108,-374.6367927573817,-3.468859192197979,0.037037037037037035,0.037037037037037035,1276.9240300916501,67.41942384011965
Random,variable,congested,700000078,108,-374.224739211369,-3.46504388158675,0.046296296296296294,0.046296296296296294,1101.0014848506867,67.99425893763097
Greedy,variable,congested,700000078,108,-361.56949093147387,-3.3478656567729064,0.018518518518518517,0.018518518518518517,1107.0779751118203,33.89445798756702
ECT,variable,congested,700000078,108,-364.4657064317213,-3.3746824669603823,0.009259259259259259,0.009259259259259259,1951.891740337559,24.11935679935094
FIFO,variable,congested,700000079,90,-342.6732823003579,-3.8074809144484214,0.0,0.0,0.0,177.35844444442588
RoundRobin,variable,congested,700000079,90,-297.55067766412753,-3.306118640712528,0.1,0.1,1313.7964527020101,79.84823266435045
Random,variable,congested,700000079,90,-302.8360705824241,-3.3648452286936013,0.1111111111111111,0.1111111111111111,1232.9888408180218,104.94243161970525
Greedy,variable,congested,700000079,90,-294.8751109343388,-3.2763901214926534,0.022222222222222223,0.022222222222222223,1489.2998436792213,35.39769952386413
ECT,variable,congested,700000079,90,-294.1274444929435,-3.268082716588261,0.03333333333333333,0.03333333333333333,1721.196512098885,24.569035588294856
FIFO,heavy,normal,700000080,187,-726.409245483084,-3.884541419695636,0.0053475935828877,0.0053475935828877,821.8874135277247,93.58990251607203
RoundRobin,heavy,normal,700000080,187,-599.9815909330187,-3.208457705524164,0.19786096256684493,0.19786096256684493,1047.705402089982,37.988589263390026
Random,heavy,normal,700000080,187,-615.0196244861829,-3.2888749972523152,0.20320855614973263,0.20320855614973263,951.5622492289754,39.297154009985846
Greedy,heavy,normal,700000080,187,-618.5848142880864,-3.3079401833587507,0.11229946524064172,0.11764705882352941,1215.512478702761,16.10670257402576
ECT,heavy,normal,700000080,187,-622.6950781092412,-3.329920203792734,0.12299465240641712,0.13368983957219252,1345.3445932636341,12.247818512720277
FIFO,heavy,normal,700000081,205,-769.7043345587172,-3.7546552905303274,0.01951219512195122,0.01951219512195122,1095.3055725169297,91.28518178072973
RoundRobin,heavy,normal,700000081,205,-677.0273443278458,-3.302572411355345,0.15121951219512195,0.15609756097560976,1085.9751375090464,36.29146262799954
Random,heavy,normal,700000081,205,-662.760753302502,-3.232979284402449,0.16585365853658537,0.17073170731707318,913.4582138131202,28.738438158719646
Greedy,heavy,normal,700000081,205,-646.3120628080615,-3.152741769795422,0.1073170731707317,0.11219512195121951,1051.5465910989783,16.375859487317204
ECT,heavy,normal,700000081,205,-674.785640056057,-3.2916372685661317,0.06341463414634146,0.06341463414634146,1044.0666024689724,11.863594788983885
FIFO,heavy,normal,700000082,176,-636.9196784922899,-3.6188618096152836,0.005681818181818182,0.005681818181818182,497.8401383460401,85.81316779619047
RoundRobin,heavy,normal,700000082,176,-519.3355994423405,-2.9507704513769344,0.17613636363636365,0.17613636363636365,1025.257259677413,21.71966258493982
Random,heavy,normal,700000082,176,-512.5088020366136,-2.9119818297534863,0.17613636363636365,0.17613636363636365,918.9113505007898,23.842629090398574
Greedy,heavy,normal,700000082,176,-514.6883881861318,-2.9243658419666576,0.1534090909090909,0.1590909090909091,1091.0465915534105,16.80294469605959
ECT,heavy,normal,700000082,176,-531.904992834435,-3.0221874592865627,0.11931818181818182,0.11931818181818182,1320.5896577504075,11.949223775722002
FIFO,heavy,normal,700000083,171,-667.9397780327395,-3.906080573290874,0.005847953216374269,0.005847953216374269,632.515041349736,87.1821720199529
RoundRobin,heavy,normal,700000083,171,-532.2309991247569,-3.1124619831857125,0.24561403508771928,0.24561403508771928,1009.9437687178009,31.774491014177467
Random,heavy,normal,700000083,171,-544.9025995201912,-3.1865649094748023,0.2222222222222222,0.2222222222222222,1017.7003669490948,29.063621279799683
Greedy,heavy,normal,700000083,171,-535.1836610958226,-3.129729012256272,0.1871345029239766,0.1871345029239766,1161.7054043223575,13.69312426813259
ECT,heavy,normal,700000083,171,-559.178241338555,-3.2700481949623104,0.16374269005847952,0.16374269005847952,1278.9474178709077,12.722988282950897
FIFO,heavy,normal,700000084,191,-722.3552004612453,-3.781964400320656,0.005235602094240838,0.005235602094240838,1277.7482991436827,96.53700867874683
RoundRobin,heavy,normal,700000084,191,-613.067701502726,-3.2097785418990887,0.1518324607329843,0.1518324607329843,1110.314269411558,29.307937445435243
Random,heavy,normal,700000084,191,-595.4382489628562,-3.117477743261027,0.19895287958115182,0.19895287958115182,1154.4147078164947,35.22197629820217
Greedy,heavy,normal,700000084,191,-621.6166993893673,-3.2545376931380487,0.08376963350785341,0.08376963350785341,1403.1311893198026,17.544331129928207
ECT,heavy,normal,700000084,191,-611.8956326954337,-3.2036420559970353,0.10471204188481675,0.10471204188481675,1324.4955822266102,12.309951096125166
FIFO,heavy,normal,700000085,185,-706.082099916621,-3.816659999549303,0.010810810810810811,0.016216216216216217,1369.6868086434317,90.48831715419146
RoundRobin,heavy,normal,700000085,185,-587.8551822078275,-3.1775955795017703,0.21621621621621623,0.22162162162162163,1067.4020930827076,26.454624797219427
Random,heavy,normal,700000085,185,-600.4260799749012,-3.245546378242709,0.17297297297297298,0.17297297297297298,1093.5763351355506,26.92620444269905
Greedy,heavy,normal,700000085,185,-598.1898961314712,-3.233458898007952,0.12432432432432433,0.12432432432432433,1384.620849815921,17.495076400832584
ECT,heavy,normal,700000085,185,-601.9502392073571,-3.253785076796525,0.12432432432432433,0.12432432432432433,1352.8741502664661,12.188691157464058
FIFO,heavy,normal,700000086,167,-645.4568718840865,-3.865011208886745,0.017964071856287425,0.017964071856287425,1070.2499041438498,92.19286081103246
RoundRobin,heavy,normal,700000086,167,-517.7247770913623,-3.1001483658165405,0.2155688622754491,0.2215568862275449,986.4792077712485,22.673117549623015
Random,heavy,normal,700000086,167,-520.0160092866903,-3.113868319081978,0.25149700598802394,0.25149700598802394,1026.0710799092678,48.0127324592547
Greedy,heavy,normal,700000086,167,-527.1505251592911,-3.156589971013719,0.1437125748502994,0.1437125748502994,1181.227171400834,14.228919897039566
ECT,heavy,normal,700000086,167,-548.6390797629098,-3.2852639506761063,0.12574850299401197,0.12574850299401197,1297.8785282947379,12.544099525739087
FIFO,heavy,normal,700000087,181,-702.0919400627093,-3.8789609948215986,0.0,0.0,0.0,85.22202138767777
RoundRobin,heavy,normal,700000087,181,-555.2747702956183,-3.067816410473029,0.2430939226519337,0.2430939226519337,954.4342485064558,25.66046083396027
Random,heavy,normal,700000087,181,-555.0978148726155,-3.066838756202295,0.2154696132596685,0.2265193370165746,893.3528304845217,30.29474943765632
Greedy,heavy,normal,700000087,181,-583.6287508292896,-3.2244682366259094,0.14917127071823205,0.14917127071823205,1266.8015332374223,13.465518669392509
ECT,heavy,normal,700000087,181,-587.9097810407059,-3.248120337241469,0.14917127071823205,0.15469613259668508,1232.7488702171993,10.644501148028395
FIFO,heavy,normal,700000088,196,-747.9575904468056,-3.816110155340845,0.015306122448979591,0.015306122448979591,1518.0233936518935,95.87722589711241
RoundRobin,heavy,normal,700000088,196,-654.1541838705296,-3.337521346278212,0.15306122448979592,0.15816326530612246,1227.0679439781022,31.25185240594193
Random,heavy,normal,700000088,196,-664.0749959610469,-3.388137734495137,0.11224489795918367,0.11734693877551021,1083.9115410409906,26.33566122243731
Greedy,heavy,normal,700000088,196,-645.6942059150188,-3.294358193443973,0.07653061224489796,0.07653061224489796,1177.9252189859137,14.059063471949687
ECT,heavy,normal,700000088,196,-650.852627461533,-3.320676670722107,0.08163265306122448,0.08163265306122448,1145.5541585141837,12.594497224926748
FIFO,heavy,normal,700000089,148,-556.214142759722,-3.758203667295419,0.006756756756756757,0.006756756756756757,1562.3009182187197,87.05682713017231
RoundRobin,heavy,normal,700000089,148,-398.98246108929584,-2.6958274397925392,0.33783783783783783,0.34459459459459457,991.4704304275913,30.235045806708985
Random,heavy,normal,700000089,148,-473.3430988578409,-3.198264181471898,0.20270270270270271,0.20945945945945946,1123.936480207326,29.328765742653104
Greedy,heavy,normal,700000089,148,-466.6281968104039,-3.1528932216919183,0.16891891891891891,0.17567567567567569,1428.5877914284285,17.27177986008763
ECT,heavy,normal,700000089,148,-474.0571203559401,-3.2030886510536494,0.13513513513513514,0.13513513513513514,1306.9674541909426,12.565774291018897
FIFO,heavy,normal,700000090,191,-692.7389635124662,-3.626905568128095,0.015706806282722512,0.015706806282722512,1487.2540090848245,93.38042619296624
RoundRobin,heavy,normal,700000090,191,-581.7419534534461,-3.045769389808618,0.19895287958115182,0.19895287958115182,1043.4202557601698,32.69408004920296
Random,heavy,normal,700000090,191,-578.4835790009423,-3.0287098377012684,0.16230366492146597,0.16230366492146597,1066.2044664492703,27.96162267005472
Greedy,heavy,normal,700000090,191,-568.5325234910754,-2.9766100706339027,0.1518324607329843,0.1518324607329843,1069.3801894849678,13.146425908746544
ECT,heavy,normal,700000090,191,-571.4326544778974,-2.9917940025020804,0.14136125654450263,0.1518324607329843,1036.1795925859851,12.209596108808595
FIFO,heavy,normal,700000091,167,-632.1765596291739,-3.785488381013017,0.017964071856287425,0.017964071856287425,1331.0244806825767,89.230869242884
RoundRobin,heavy,normal,700000091,167,-489.57860922093505,-2.9316084384487127,0.2694610778443114,0.281437125748503,957.9847928046014,24.089631936470386
Random,heavy,normal,700000091,167,-514.58174720951,-3.0813278276018563,0.2155688622754491,0.2155688622754491,1066.337943395407,17.05156746276776
Greedy,heavy,normal,700000091,167,-515.9787102404714,-3.0896928756914455,0.16766467065868262,0.16766467065868262,1299.5018306610666,14.971593304928758
ECT,heavy,normal,700000091,167,-524.4692699334926,-3.1405345504999556,0.16167664670658682,0.17365269461077845,1323.0384460766657,12.257758029760478
FIFO,heavy,normal,700000092,180,-687.471117759999,-3.8192839875555498,0.0,0.0,0.0,95.86471515061326
RoundRobin,heavy,normal,700000092,180,-570.8014715881268,-3.1711192866007045,0.18888888888888888,0.18888888888888888,993.8296950901681,28.989787353267026
Random,heavy,normal,700000092,180,-606.5144966260414,-3.3695249812557853,0.1111111111111111,0.12222222222222222,1424.8184049524905,26.668066042645144
Greedy,heavy,normal,700000092,180,-584.4505308144774,-3.246947393413763,0.07777777777777778,0.07777777777777778,1244.618236962548,13.209127337846782
ECT,heavy,normal,700000092,180,-591.6255325432246,-3.2868085141290257,0.06666666666666667,0.06666666666666667,1282.441903333435,12.79349585411472
FIFO,heavy,normal,700000093,207,-791.3166086616307,-3.8227855490900033,0.004830917874396135,0.004830917874396135,1410.7396126822052,85.04205335227222
RoundRobin,heavy,normal,700000093,207,-678.5494947687637,-3.2780168829408876,0.13526570048309178,0.13526570048309178,1161.0200203050592,24.683813214852673
Random,heavy,normal,700000093,207,-675.0644373573638,-3.261180856798859,0.15458937198067632,0.15458937198067632,1188.28372854807,31.3631076109014
Greedy,heavy,normal,700000093,207,-673.5169000690344,-3.253704831251374,0.0966183574879227,0.0966183574879227,1187.1386844309698,15.277062657366326
ECT,heavy,normal,700000093,207,-666.6856744276156,-3.2207037411962105,0.11594202898550725,0.11594202898550725,1116.563282748159,11.669251969172869
FIFO,heavy,normal,700000094,155,-573.5130737510437,-3.7000843467809275,0.0064516129032258064,0.0064516129032258064,944.2760668905172,83.85943098541803
RoundRobin,heavy,normal,700000094,155,-444.001370059834,-2.864524968127961,0.27741935483870966,0.27741935483870966,1061.0556097832985,38.96281269113061
Random,heavy,normal,700000094,155,-483.2708469839345,-3.117876432154416,0.21935483870967742,0.22580645161290322,1069.7151385904615,30.190310051854684
Greedy,heavy,normal,700000094,155,-454.570483900998,-2.9327127993612776,0.21935483870967742,0.22580645161290322,1192.1067195702867,17.118722923948166
ECT,heavy,normal,700000094,155,-455.4927244577841,-2.938662738437317,0.22580645161290322,0.23225806451612904,1038.6194686350477,12.524952432014931
FIFO,heavy,normal,700000095,160,-649.6310162279868,-4.060193851424918,0.00625,0.00625,1505.831950386444,88.35937885995604
RoundRobin,heavy,normal,700000095,160,-504.1570023743027,-3.150981264839392,0.2375,0.24375,970.6036446384868,33.854221105124864
Random,heavy,normal,700000095,160,-521.4435750941403,-3.2590223443383772,0.25,0.25625,1148.7109281712515,24.126589235941076
Greedy,heavy,normal,700000095,160,-555.6976032584912,-3.47311002036557,0.13125,0.13125,1341.3047607302274,13.740556306375726
ECT,heavy,normal,700000095,160,-571.108811982886,-3.569430074893037,0.1,0.1,1400.342014695258,11.466984242255265
FIFO,heavy,normal,700000096,190,-700.7765643725463,-3.688297707223928,0.021052631578947368,0.021052631578947368,1195.3642755128799,88.41612084734719
RoundRobin,heavy,normal,700000096,190,-538.2514407555725,-2.832902319766171,0.2578947368421053,0.2578947368421053,1002.5067057783525,31.860498188212095
Random,heavy,normal,700000096,190,-601.5571203451351,-3.1660901070796585,0.15789473684210525,0.15789473684210525,1270.2377172392992,33.29386731334196
Greedy,heavy,normal,700000096,190,-579.0538779349387,-3.047651989131256,0.12631578947368421,0.12631578947368421,1109.2042782034832,15.257777724271858
ECT,heavy,normal,700000096,190,-577.0759857480509,-3.0372420302528997,0.14736842105263157,0.14736842105263157,1276.7757527065862,12.228729822453937
FIFO,heavy,normal,700000097,187,-674.8850340478315,-3.609010877261131,0.0053475935828877,0.0053475935828877,1745.0233119760037,83.6352478948266
RoundRobin,heavy,normal,700000097,187,-553.2913533043359,-2.958777290397518,0.19786096256684493,0.19786096256684493,1011.644089065985,31.886476378982174
Random,heavy,normal,700000097,187,-572.6501460023458,-3.062300246001849,0.18181818181818182,0.18716577540106952,1052.4587210972388,29.82690154331219
Greedy,heavy,normal,700000097,187,-573.4579552984686,-3.0666200818099925,0.11229946524064172,0.11229946524064172,1265.907475274088,14.066686878939707
ECT,heavy,normal,700000097,187,-575.6064106778758,-3.0781091480100313,0.12299465240641712,0.12834224598930483,1308.139704166819,11.196895395707251
FIFO,heavy,normal,700000098,173,-673.5893416681273,-3.8935800096423545,0.005780346820809248,0.005780346820809248,1607.3039974110648,83.15221387189423
RoundRobin,heavy,normal,700000098,173,-549.4188096308626,-3.1758312695425586,0.2254335260115607,0.23121387283236994,1057.4850703926681,28.40862425765472
Random,heavy,normal,700000098,173,-580.2312834469756,-3.3539380546067954,0.18497109826589594,0.19653179190751446,1115.6746201817232,26.856169083984277
Greedy,heavy,normal,700000098,173,-570.1218895698706,-3.2955022518489634,0.12716763005780346,0.12716763005780346,1204.0924432408096,14.817995732894387
ECT,heavy,normal,700000098,173,-558.9379035012803,-3.2308549335334122,0.12716763005780346,0.12716763005780346,1103.983701496687,11.827607468740672
FIFO,heavy,normal,700000099,177,-651.2452235987714,-3.679351545755771,0.011299435028248588,0.011299435028248588,983.3581497208888,91.25810928968075
RoundRobin,heavy,normal,700000099,177,-506.2047077256108,-2.859913602969552,0.2711864406779661,0.2768361581920904,1088.072448848313,29.378257556409118
Random,heavy,normal,700000099,177,-525.6279267874833,-2.9696493038840863,0.288135593220339,0.2937853107344633,1209.4892912111613,32.98563554261849
Greedy,heavy,normal,700000099,177,-497.6674588353035,-2.811680558391545,0.24858757062146894,0.24858757062146894,1354.1676500144754,17.408112306836355
ECT,heavy,normal,700000099,177,-517.4215693921819,-2.923285702780689,0.22598870056497175,0.23163841807909605,1361.8523407186754,12.701482804129515
FIFO,heavy,congested,700000100,174,-694.4846865845102,-3.9912913022098286,0.0,0.0,0.0,227.3872988505758
RoundRobin,heavy,congested,700000100,174,-613.0681865011378,-3.5233803821904472,0.034482758620689655,0.040229885057471264,1510.6539097400412,84.77288727702289
Random,heavy,congested,700000100,174,-617.7864610241338,-3.550496902437551,0.022988505747126436,0.022988505747126436,1099.5529938617403,81.69392754279593
Greedy,heavy,congested,700000100,174,-576.6582961466382,-3.314128138773783,0.028735632183908046,0.028735632183908046,1470.8873141316221,40.29859240607377
ECT,heavy,congested,700000100,174,-594.0114130793177,-3.4138586958581474,0.017241379310344827,0.017241379310344827,1617.4331539775205,43.98362645673538
FIFO,heavy,congested,700000101,212,-879.2035847717524,-4.147186720621473,0.0,0.0,0.0,224.18014150943947
RoundRobin,heavy,congested,700000101,212,-799.8147873498681,-3.7727112610842832,0.0047169811320754715,0.0047169811320754715,1631.9515285919065,70.87559907543539
Random,heavy,congested,700000101,212,-791.4699588070215,-3.7333488622972713,0.02358490566037736,0.02358490566037736,1417.0427237609058,65.50142596405962
Greedy,heavy,congested,700000101,212,-737.0071393802405,-3.4764487706615115,0.02358490566037736,0.02358490566037736,1585.020231253754,35.6123017400166
ECT,heavy,congested,700000101,212,-776.5170251438938,-3.6628161563391215,0.02358490566037736,0.02358490566037736,1743.8137600002397,70.09791804513284
FIFO,heavy,congested,700000102,175,-755.0362774391473,-4.314493013937985,0.0,0.0,0.0,231.12611428571398
RoundRobin,heavy,congested,700000102,175,-683.9883975397197,-3.908505128798398,0.017142857142857144,0.017142857142857144,1609.2201338030093,89.7362452340667
Random,heavy,congested,700000102,175,-675.3924530146786,-3.8593854457981633,0.011428571428571429,0.011428571428571429,1014.2038754087223,63.86650843363489
Greedy,heavy,congested,700000102,175,-644.0721719838923,-3.6804124113365275,0.005714285714285714,0.005714285714285714,1256.384122149247,48.78458672710849
ECT,heavy,congested,700000102,175,-654.9198957065973,-3.742399404037699,0.0,0.0,0.0,49.09174200646182
FIFO,heavy,congested,700000103,183,-740.7029035645708,-4.047556850079622,0.0,0.0,0.0,208.141370298793
RoundRobin,heavy,congested,700000103,183,-660.2550516495985,-3.6079511019103743,0.04371584699453552,0.04371584699453552,1590.8179222864132,75.61336906406383
Random,heavy,congested,700000103,183,-658.5058954320125,-3.598392871213183,0.03825136612021858,0.04371584699453552,1040.5563453520522,80.96754989494781
Greedy,heavy,congested,700000103,183,-631.8318549270623,-3.4526330870331274,0.0273224043715847,0.0273224043715847,1527.309726202634,50.642207882078296
ECT,heavy,congested,700000103,183,-648.6096139135373,-3.5443148301286187,0.03825136612021858,0.03825136612021858,1680.486320935102,60.612420090708966
FIFO,heavy,congested,700000104,175,-709.4862293444323,-4.0542070248253275,0.0,0.0,0.0,217.36897142857487
RoundRobin,heavy,congested,700000104,175,-637.8149955279287,-3.6446571173024496,0.017142857142857144,0.017142857142857144,1327.6068722910966,73.22562390642474
Random,heavy,congested,700000104,175,-637.4807034070695,-3.642746876611826,0.03428571428571429,0.04,1535.5990931649123,68.72220277228284
Greedy,heavy,congested,700000104,175,-598.8432266601028,-3.4219612952005876,0.017142857142857144,0.017142857142857144,1327.5284205274502,44.05555744060865
ECT,heavy,congested,700000104,175,-623.6138061247618,-3.5635074635700676,0.011428571428571429,0.011428571428571429,1535.4931928851736,64.63677209058781
FIFO,heavy,congested,700000105,183,-773.051927463227,-4.22432747247665,0.0,0.0,0.0,194.67119811206874
RoundRobin,heavy,congested,700000105,183,-702.2080483503875,-3.8372024500021173,0.01092896174863388,0.01092896174863388,1127.4159241869922,60.48173988126956
Random,heavy,congested,700000105,183,-696.058057128687,-3.803595940593918,0.03278688524590164,0.03825136612021858,1816.6570105665648,57.6682236653585
Greedy,heavy,congested,700000105,183,-667.646461054811,-3.6483413172394044,0.0273224043715847,0.0273224043715847,1880.194035118678,47.460263970352635
ECT,heavy,congested,700000105,183,-680.7776619255368,-3.7200965132542994,0.02185792349726776,0.02185792349726776,1624.8733759306697,55.6220786269604
FIFO,heavy,congested,700000106,165,-680.6247688827234,-4.124998599289233,0.0,0.0,0.0,210.73668713050398
RoundRobin,heavy,congested,700000106,165,-609.291128513664,-3.6926735061434184,0.048484848484848485,0.048484848484848485,1341.6566362309886,61.77998785206266
Random,heavy,congested,700000106,165,-604.8691426901654,-3.6658735920616086,0.030303030303030304,0.030303030303030304,1439.9203719620216,55.645790305124166
Greedy,heavy,congested,700000106,165,-576.6338383736697,-3.494750535597998,0.024242424242424242,0.024242424242424242,1459.1146959782532,39.71441763786684
ECT,heavy,congested,700000106,165,-587.5831264231548,-3.5611098571100293,0.01818181818181818,0.01818181818181818,1282.9317023793863,49.8970729346443
FIFO,heavy,congested,700000107,186,-767.5431125401764,-4.126575873871916,0.005376344086021506,0.005376344086021506,954.80423731503,236.57084710045652
RoundRobin,heavy,congested,700000107,186,-691.4252955153165,-3.7173402984694435,0.021505376344086023,0.021505376344086023,1559.1105327315508,81.32799538065215
Random,heavy,congested,700000107,186,-691.308634516224,-3.716713088796903,0.043010752688172046,0.043010752688172046,1563.823482071779,94.20255223286402
Greedy,heavy,congested,700000107,186,-648.2230253570783,-3.485070028801496,0.021505376344086023,0.021505376344086023,1774.1105327315508,48.57602778895659
ECT,heavy,congested,700000107,186,-665.8980365061431,-3.580096970463135,0.021505376344086023,0.021505376344086023,1513.133302775057,70.04898505163158
FIFO,heavy,congested,700000108,182,-797.0002896329643,-4.379122470510793,0.0,0.0,0.0,216.87489010989128
RoundRobin,heavy,congested,700000108,182,-724.7038607273562,-3.9818893446558032,0.016483516483516484,0.016483516483516484,1446.7572763309206,58.327038406785775
Random,heavy,congested,700000108,182,-734.9049100064774,-4.037939065969656,0.027472527472527472,0.027472527472527472,1313.938288017743,94.00612863284918
Greedy,heavy,congested,700000108,182,-684.1746459102321,-3.7592013511551214,0.02197802197802198,0.02197802197802198,1455.1712093599704,45.598678985829444
ECT,heavy,congested,700000108,182,-698.2103602371392,-3.8363206606436218,0.027472527472527472,0.027472527472527472,1292.5556800745867,62.197907275464495
FIFO,heavy,congested,700000109,198,-765.4937381160113,-3.8661299904849056,0.005050505050505051,0.005050505050505051,1305.0892843989516,233.49616815266037
RoundRobin,heavy,congested,700000109,198,-682.9687623625517,-3.4493371836492512,0.020202020202020204,0.020202020202020204,1529.2973857635197,84.61072388918929
Random,heavy,congested,700000109,198,-681.6991162182394,-3.4429248293850474,0.010101010101010102,0.010101010101010102,1564.7796120807584,85.63572304869189
Greedy,heavy,congested,700000109,198,-641.5181233528899,-3.2399905219842924,0.015151515151515152,0.015151515151515152,1384.4312003368175,54.664026256939586
ECT,heavy,congested,700000109,198,-668.943621215346,-3.378503137451242,0.020202020202020204,0.020202020202020204,1496.5316965408408,79.4773087287786
FIFO,heavy,congested,700000110,182,-708.6180111054483,-3.8935055555244413,0.0,0.0,0.0,225.05862637362532
RoundRobin,heavy,congested,700000110,182,-633.4075873307886,-3.480261468850487,0.005494505494505495,0.005494505494505495,618.8974273136707,89.49663660976785
Random,heavy,congested,700000110,182,-629.6508775593775,-3.459620206370206,0.016483516483516484,0.016483516483516484,1309.0338793790413,80.96793016115437
Greedy,heavy,congested,700000110,182,-593.1810549443937,-3.259236565628537,0.005494505494505495,0.005494505494505495,748.8974273136707,43.12927409790734
ECT,heavy,congested,700000110,182,-614.148412343902,-3.3744418260653957,0.005494505494505495,0.005494505494505495,1108.158751245817,56.84614707957753
FIFO,heavy,congested,700000111,177,-704.1803141539041,-3.978419853976859,0.0,0.0,0.0,215.1969491525457
RoundRobin,heavy,congested,700000111,177,-631.7108803319294,-3.5689880244741774,0.01694915254237288,0.01694915254237288,1800.9337467291218,66.66331499024379
Random,heavy,congested,700000111,177,-641.7349300512052,-3.6256210737356227,0.02824858757062147,0.02824858757062147,1382.306829584634,102.07009473377565
Greedy,heavy,congested,700000111,177,-597.5166196371963,-3.375800110944612,0.011299435028248588,0.011299435028248588,2009.6108716920166,44.09867192238563
ECT,heavy,congested,700000111,177,-615.9015710344927,-3.479669892850241,0.011299435028248588,0.01694915254237288,1496.0095445018462,70.16817127495122
FIFO,heavy,congested,700000112,174,-685.9615648869151,-3.942307844177673,0.0,0.0,0.0,229.0007542479168
RoundRobin,heavy,congested,700000112,174,-607.1179182113342,-3.4891834379961737,0.034482758620689655,0.034482758620689655,1257.1255982554912,97.38301710579223
Random,heavy,congested,700000112,174,-617.6268862517246,-3.5495798060443944,0.022988505747126436,0.022988505747126436,1246.4609111984014,105.96930558317955
Greedy,heavy,congested,700000112,174,-566.5844045889804,-3.2562322102814965,0.028735632183908046,0.028735632183908046,1236.2639760404788,47.479024245324354
ECT,heavy,congested,700000112,174,-581.3744709874932,-3.341232591882145,0.022988505747126436,0.022988505747126436,1316.4609111984014,58.086051358461816
FIFO,heavy,congested,700000113,194,-792.6536085277436,-4.0858433429265135,0.010309278350515464,0.010309278350515464,1174.3702905731902,208.60968388681263
RoundRobin,heavy,congested,700000113,194,-707.27908134061,-3.645768460518608,0.030927835051546393,0.030927835051546393,1268.6043165105627,61.54716203061174
Random,heavy,congested,700000113,194,-706.1574274305808,-3.639986739332891,0.03608247422680412,0.03608247422680412,1647.8998661024216,59.28495563495986
Greedy,heavy,congested,700000113,194,-668.9806274074821,-3.4483537495231036,0.03608247422680412,0.03608247422680412,1273.6973501644595,44.31803193203801
ECT,heavy,congested,700000113,194,-687.6919175308112,-3.544803698612429,0.030927835051546393,0.030927835051546393,1333.4876267724544,53.218110290310015
FIFO,heavy,congested,700000114,207,-829.8310730897847,-4.008845763718766,0.004830917874396135,0.004830917874396135,2965.333688880595,222.41332955582976
RoundRobin,heavy,congested,700000114,207,-735.4053177713396,-3.552682694547534,0.043478260869565216,0.043478260869565216,1400.921687444233,72.02524308576703
Random,heavy,congested,700000114,207,-725.0619555659969,-3.5027147611883906,0.043478260869565216,0.043478260869565216,1259.8875645137678,55.526165271592134
Greedy,heavy,congested,700000114,207,-692.9418234924243,-3.3475450410262044,0.033816425120772944,0.033816425120772944,1123.1769944222074,47.298366337752825
ECT,heavy,congested,700000114,207,-714.6922783140825,-3.4526197020003986,0.043478260869565216,0.043478260869565216,1136.791317387425,56.536076471037006
FIFO,heavy,congested,700000115,166,-724.8269569655677,-4.366427451599805,0.0,0.0,0.0,230.301385542172
RoundRobin,heavy,congested,700000115,166,-645.2361496967287,-3.886964757209209,0.018072289156626505,0.018072289156626505,1309.7782644872168,79.82914014811202
Random,heavy,congested,700000115,166,-670.9012186542868,-4.041573606351125,0.012048192771084338,0.012048192771084338,1473.2344776511272,101.81371015853644
Greedy,heavy,congested,700000115,166,-613.4373071701641,-3.6954054648805066,0.012048192771084338,0.012048192771084338,630.8798315302577,44.497675073929045
ECT,heavy,congested,700000115,166,-633.5079299793257,-3.816312831200757,0.006024096385542169,0.006024096385542169,585.0744757980632,64.18238150131282
FIFO,heavy,congested,700000116,173,-714.4079716894169,-4.129525847915704,0.0,0.0,0.0,225.69481690682935
RoundRobin,heavy,congested,700000116,173,-635.3851570262816,-3.6727465724062522,0.011560693641618497,0.011560693641618497,1669.8464569270432,57.931775308128216
Random,heavy,congested,700000116,173,-623.8316295944383,-3.6059631768464637,0.028901734104046242,0.028901734104046242,1226.8159704679892,50.99381058079338
Greedy,heavy,congested,700000116,173,-605.6141110217471,-3.5006596012817752,0.017341040462427744,0.017341040462427744,1271.2769023732073,55.52135576759884
ECT,heavy,congested,700000116,173,-615.2781399724959,-3.556521040303444,0.023121387283236993,0.023121387283236993,1317.270107910043,60.96228456996124
FIFO,heavy,congested,700000117,179,-712.0988209611816,-3.9782057036937517,0.0,0.0,0.0,232.3394413407801
RoundRobin,heavy,congested,700000117,179,-634.4071383940923,-3.5441739575088955,0.0111731843575419,0.0111731843575419,1177.4080330437873,95.03202120756345
Random,heavy,congested,700000117,179,-641.3410430192811,-3.5829108548563187,0.00558659217877095,0.00558659217877095,2298.081813897622,92.73221024529352
Greedy,heavy,congested,700000117,179,-594.1562023452645,-3.3193083929903047,0.01675977653631285,0.01675977653631285,1480.9464726080514,45.985381160385906
ECT,heavy,congested,700000117,179,-620.1477279221391,-3.4645124464923973,0.0,0.0,0.0,73.71514609716796
FIFO,heavy,congested,700000118,179,-720.6816619192058,-4.026154535861485,0.0,0.0,0.0,230.92304293066348
RoundRobin,heavy,congested,700000118,179,-645.7234751160609,-3.6073937157321834,0.0335195530726257,0.0335195530726257,1845.070353834674,88.5355089403024
Random,heavy,congested,700000118,179,-641.0178573117533,-3.581105348110354,0.0223463687150838,0.0223463687150838,1476.6888708187385,71.70428952506984
Greedy,heavy,congested,700000118,179,-603.146872025377,-3.369535597907134,0.0111731843575419,0.0111731843575419,1016.0683838480799,44.02343546381767
ECT,heavy,congested,700000118,179,-621.4234340543956,-3.4716392963932714,0.01675977653631285,0.01675977653631285,1339.8681459992215,57.29504260957087
FIFO,heavy,congested,700000119,180,-754.618484387059,-4.192324913261439,0.0,0.0,0.0,217.29526831929695
RoundRobin,heavy,congested,700000119,180,-671.3010136189603,-3.7294500756608904,0.05,0.05,2057.9397979669793,72.31224742442662
Random,heavy,congested,700000119,180,-677.3416692205437,-3.7630092734474654,0.03333333333333333,0.03333333333333333,1703.4282552589596,67.40175885816235
Greedy,heavy,congested,700000119,180,-638.099577008011,-3.5449976500445057,0.03888888888888889,0.03888888888888889,1706.1195075364533,45.64470804883178
ECT,heavy,congested,700000119,180,-651.7858741814983,-3.6210326343416575,0.044444444444444446,0.044444444444444446,1825.443302620529,64.05713620823859
FIFO,burst,normal,700000120,178,-620.8087638334089,-3.487689684457353,0.011235955056179775,0.011235955056179775,1589.068501211984,73.1079697810594
RoundRobin,burst,normal,700000120,178,-509.40450692647534,-2.861823072620648,0.19101123595505617,0.19101123595505617,1047.8182392814685,31.139537585279573
Random,burst,normal,700000120,178,-514.0567124845679,-2.887959058902067,0.19101123595505617,0.19662921348314608,1084.5345888246804,26.552130753760455
Greedy,burst,normal,700000120,178,-498.6997678577214,-2.8016840890883223,0.1797752808988764,0.1797752808988764,995.2082051359163,18.308686263856522
ECT,burst,normal,700000120,178,-498.6841613595343,-2.801596412132215,0.19662921348314608,0.19662921348314608,1065.8556127808783,14.590028626380983
FIFO,burst,normal,700000121,112,-426.68706378335287,-3.809705926637079,0.008928571428571428,0.008928571428571428,627.1718777824324,69.983972886877
RoundRobin,burst,normal,700000121,112,-319.3204571692691,-2.8510755104399026,0.2857142857142857,0.2857142857142857,975.2985334326474,39.46367690905345
Random,burst,normal,700000121,112,-330.49027587329226,-2.9508060345829668,0.25,0.25,983.6021623594905,40.7033050640926
Greedy,burst,normal,700000121,112,-331.74123090332245,-2.961975275922522,0.23214285714285715,0.23214285714285715,1022.0104927484662,15.240693777256443
ECT,burst,normal,700000121,112,-318.48659713881506,-2.843630331596563,0.25892857142857145,0.26785714285714285,909.5865004931978,13.330293935310157
FIFO,burst,normal,700000122,173,-588.8337086530187,-3.4036630557977956,0.005780346820809248,0.005780346820809248,412.29992062699705,69.98316312881772
RoundRobin,burst,normal,700000122,173,-458.9961904012243,-2.6531571699492735,0.24855491329479767,0.2543352601156069,912.3176817474106,33.24277071680057
Random,burst,normal,700000122,173,-475.31461627185206,-2.747483331051168,0.2254335260115607,0.2254335260115607,975.2752533189947,28.885730056633804
Greedy,burst,normal,700000122,173,-484.2581588367605,-2.7991801088830086,0.15606936416184972,0.16184971098265896,1253.2917331812262,13.778981601800835
ECT,burst,normal,700000122,173,-479.6386692206157,-2.7724778567665647,0.15606936416184972,0.15606936416184972,1148.814869834568,9.773022627351525
FIFO,burst,normal,700000123,192,-677.2178811127951,-3.527176464129141,0.015625,0.015625,896.8563170476715,74.32173661238049
RoundRobin,burst,normal,700000123,192,-573.9848076919332,-2.9895042067288187,0.18229166666666666,0.1875,1029.2494383329606,27.11640348340345
Random,burst,normal,700000123,192,-562.9507661947937,-2.932035240597884,0.16666666666666666,0.16666666666666666,980.4326633029581,30.75950055703339
Greedy,burst,normal,700000123,192,-549.2684405489564,-2.8607731278591477,0.17708333333333334,0.17708333333333334,1075.742330986521,16.73827199660722
ECT,burst,normal,700000123,192,-570.971168938808,-2.9738081715562914,0.14583333333333334,0.14583333333333334,1181.1348865344557,10.644014609972052
FIFO,burst,normal,700000124,149,-494.41731320066225,-3.3182370013467266,0.03355704697986577,0.03355704697986577,1199.4446395357759,73.81241248577393
RoundRobin,burst,normal,700000124,149,-383.73480509131156,-2.5754013764517554,0.24161073825503357,0.24161073825503357,883.3782479108756,33.24291993851084
Random,burst,normal,700000124,149,-384.1537032967565,-2.5782127738037346,0.2684563758389262,0.2751677852348993,972.1052214366786,28.252187717066462
Greedy,burst,normal,700000124,149,-390.1924778310989,-2.618741461953684,0.21476510067114093,0.21476510067114093,1098.121134081564,11.74090064605604
ECT,burst,normal,700000124,149,-375.6314955927783,-2.5210167489448208,0.2483221476510067,0.2483221476510067,1036.5932147109338,10.97812333054193
FIFO,burst,normal,700000125,186,-659.8628220804742,-3.547649581077818,0.005376344086021506,0.005376344086021506,1652.0991853977944,75.83783751433464
RoundRobin,burst,normal,700000125,186,-567.2558711574198,-3.0497627481581713,0.16129032258064516,0.16666666666666666,1154.0954788220092,32.27973301297302
Random,burst,normal,700000125,186,-541.1822654230274,-2.9095820721668137,0.14516129032258066,0.14516129032258066,979.3961196990824,34.248199976133996
Greedy,burst,normal,700000125,186,-537.347223449111,-2.888963566930704,0.13978494623655913,0.13978494623655913,1054.2004707725705,14.157487203919715
ECT,burst,normal,700000125,186,-563.7854309996287,-3.0311044677399392,0.08064516129032258,0.08602150537634409,1279.9820903176128,10.149470494240779
FIFO,burst,normal,700000126,120,-406.6287935746599,-3.388573279788832,0.016666666666666666,0.016666666666666666,1190.4571589755992,69.45514528329497
RoundRobin,burst,normal,700000126,120,-310.26177422623414,-2.585514785218618,0.2833333333333333,0.2916666666666667,965.2611539816137,35.37356732661184
Random,burst,normal,700000126,120,-297.43499035304825,-2.4786249196087353,0.30833333333333335,0.30833333333333335,992.7380174803108,23.784969584854487
Greedy,burst,normal,700000126,120,-311.4459536196123,-2.595382946830102,0.2916666666666667,0.2916666666666667,1024.756713714187,19.56798024891835
ECT,burst,normal,700000126,120,-298.50743236223553,-2.487561936351963,0.3333333333333333,0.3333333333333333,974.072903469664,14.675364212588367
FIFO,burst,normal,700000127,152,-543.3423185956045,-3.5746205170763456,0.006578947368421052,0.006578947368421052,1122.274667045767,73.0686209846551
RoundRobin,burst,normal,700000127,152,-466.74110647475237,-3.0706651741760025,0.11842105263157894,0.11842105263157894,1104.4845302913434,34.16815036515624
Random,burst,normal,700000127,152,-482.2108141769656,-3.172439566953721,0.13157894736842105,0.13815789473684212,932.4955404770024,44.02261208469403
Greedy,burst,normal,700000127,152,-463.7218508447923,-3.050801650294686,0.08552631578947369,0.08552631578947369,891.8471327342079,18.79527605868427
ECT,burst,normal,700000127,152,-467.52904483613116,-3.0758489791850736,0.07894736842105263,0.08552631578947369,822.1257618631427,11.804992130035586
FIFO,burst,normal,700000128,162,-572.7622010926884,-3.5355691425474594,0.012345679012345678,0.012345679012345678,1071.69282934715,71.73646721299546
RoundRobin,burst,normal,700000128,162,-473.20086044110786,-2.920992965685851,0.16666666666666666,0.1728395061728395,990.5691762393253,32.20823983726433
Random,burst,normal,700000128,162,-473.66006678587576,-2.9238275727523195,0.2037037037037037,0.20987654320987653,1150.2201846876699,31.30517112852057
Greedy,burst,normal,700000128,162,-485.0092568278186,-2.9938843014062875,0.12962962962962962,0.13580246913580246,1167.254038837801,12.84915959437238
ECT,burst,normal,700000128,162,-490.8183700912438,-3.0297430252545916,0.11728395061728394,0.12345679012345678,1096.9623986101735,11.082156912913694
FIFO,burst,normal,700000129,121,-400.89654085965515,-3.3131945525591333,0.024793388429752067,0.024793388429752067,1206.9120846713665,69.4044827221766
RoundRobin,burst,normal,700000129,121,-299.30309935322697,-2.4735793334977436,0.3305785123966942,0.3305785123966942,1136.615438127526,28.758454206680923
Random,burst,normal,700000129,121,-328.4352547413975,-2.7143409482760124,0.256198347107438,0.2644628099173554,956.5340459854632,46.49796389255035
Greedy,burst,normal,700000129,121,-299.75098157608363,-2.4772808394717654,0.3140495867768595,0.3305785123966942,1155.9572839187842,17.283887290912944
ECT,burst,normal,700000129,121,-286.7219994211709,-2.3696033010014124,0.38016528925619836,0.3884297520661157,1166.7285969539864,12.05840922435639
FIFO,burst,normal,700000130,138,-492.506343809535,-3.5688865493444566,0.0,0.0,0.0,72.64973025281355
RoundRobin,burst,normal,700000130,138,-367.5196453100533,-2.6631858355800966,0.3115942028985507,0.3115942028985507,913.9004344626087,34.70534762725176
Random,burst,normal,700000130,138,-386.0088876784342,-2.7971658527422765,0.2246376811594203,0.2246376811594203,1004.0020393186597,24.519006174648602
Greedy,burst,normal,700000130,138,-379.24504787122305,-2.7481525208059643,0.2463768115942029,0.2463768115942029,1161.8778799450838,12.75960453562529
ECT,burst,normal,700000130,138,-395.7225886623253,-2.867554990306705,0.21014492753623187,0.21014492753623187,1349.044553444122,10.451262369070456
FIFO,burst,normal,700000131,163,-548.6044906598852,-3.3656717218397865,0.012269938650306749,0.012269938650306749,1175.0240947883262,73.76204178256685
RoundRobin,burst,normal,700000131,163,-450.644597913606,-2.764690784746049,0.15337423312883436,0.15337423312883436,931.1530782973764,24.958682111359355
Random,burst,normal,700000131,163,-453.85310908878546,-2.7843749023851867,0.20245398773006135,0.20245398773006135,1081.6996832809518,37.72944102549005
Greedy,burst,normal,700000131,163,-448.4761617943853,-2.7513874956710755,0.147239263803681,0.147239263803681,1082.7965922484477,13.371632122202685
ECT,burst,normal,700000131,163,-459.81054040730714,-2.8209235607810252,0.13496932515337423,0.1411042944785276,1164.9482932276455,10.885678088579288
FIFO,burst,normal,700000132,148,-530.9341751361209,-3.58739307524406,0.006756756756756757,0.006756756756756757,1011.2318373669888,78.69733196559149
RoundRobin,burst,normal,700000132,148,-437.06879149214944,-2.953167510082091,0.21621621621621623,0.21621621621621623,1120.8891660687486,35.28733122120353
Random,burst,normal,700000132,148,-416.7923480429216,-2.8161645138035243,0.25,0.25675675675675674,1018.3310358486958,43.40599582562853
Greedy,burst,normal,700000132,148,-438.95361537104674,-2.9659028065611266,0.16891891891891891,0.17567567567567569,1250.0361545248072,16.179247492992477
ECT,burst,normal,700000132,148,-447.0389251475536,-3.020533278024011,0.13513513513513514,0.13513513513513514,1305.534807263894,9.587549646283348
FIFO,burst,normal,700000133,169,-615.2474518722281,-3.6405174666995745,0.011834319526627219,0.011834319526627219,1106.1555768921942,76.08300163272001
RoundRobin,burst,normal,700000133,169,-490.74855800558635,-2.9038376213348305,0.23668639053254437,0.23668639053254437,988.1978762489332,34.86553056582995
Random,burst,normal,700000133,169,-503.875357250766,-2.981510989649503,0.1952662721893491,0.20118343195266272,998.8561408397571,37.702536648135485
Greedy,burst,normal,700000133,169,-497.89107939674716,-2.946101061519214,0.1834319526627219,0.1834319526627219,974.0112791301724,16.769146357756913
ECT,burst,normal,700000133,169,-492.9099058411824,-2.9166266617821446,0.21893491124260356,0.21893491124260356,1048.5281364973428,12.567037742641604
FIFO,burst,normal,700000134,160,-589.0762439233436,-3.681726524520897,0.0125,0.0125,1684.10496101902,73.42810362231988
RoundRobin,burst,normal,700000134,160,-451.1371828955547,-2.819607393097217,0.2625,0.275,1003.6657307403617,33.39183406371776
Random,burst,normal,700000134,160,-441.0502873912218,-2.756564296195136,0.25625,0.2625,940.418249051213,34.12399010073921
Greedy,burst,normal,700000134,160,-449.7983474117648,-2.8112396713235297,0.225,0.225,1080.782735903702,14.236717136896772
ECT,burst,normal,700000134,160,-449.20537731375794,-2.807533608210987,0.25,0.25,1222.957506546636,11.299108350083586
FIFO,burst,normal,700000135,143,-503.30075200720466,-3.5195856783720605,0.02097902097902098,0.02097902097902098,1019.4040441028795,69.62845061930608
RoundRobin,burst,normal,700000135,143,-388.24203382364783,-2.714979257508027,0.27972027972027974,0.27972027972027974,977.8490061795176,31.72019843673474
Random,burst,normal,700000135,143,-412.13092465148213,-2.8820344381222527,0.2097902097902098,0.2097902097902098,992.0995527603447,29.51429336293661
Greedy,burst,normal,700000135,143,-411.6014496234437,-2.8783318155485573,0.18181818181818182,0.18181818181818182,1044.7337128500371,10.031163890058762
ECT,burst,normal,700000135,143,-419.21537340164014,-2.9315760377737075,0.18181818181818182,0.18181818181818182,1214.8216564158035,9.361949571928589
FIFO,burst,normal,700000136,188,-618.947763203973,-3.2922753361913455,0.02127659574468085,0.02127659574468085,1082.4156666227618,72.32862243027236
RoundRobin,burst,normal,700000136,188,-505.78928121369177,-2.690368517094105,0.25,0.25,1070.1006638556344,34.294734599344935
Random,burst,normal,700000136,188,-525.577100647522,-2.7956228757846917,0.19680851063829788,0.20212765957446807,956.7299720104558,33.44605748157047
Greedy,burst,normal,700000136,188,-513.4313755823943,-2.7310179552255014,0.14361702127659576,0.14361702127659576,1173.7950695793786,15.454509486482854
ECT,burst,normal,700000136,188,-515.2958984596751,-2.7409356301046546,0.1702127659574468,0.17553191489361702,1166.307634927434,10.772160333694629
FIFO,burst,normal,700000137,115,-399.4577532926174,-3.4735456808053686,0.017391304347826087,0.017391304347826087,1536.7641267045333,74.65556022517636
RoundRobin,burst,normal,700000137,115,-307.2477631974936,-2.6717196799782053,0.24347826086956523,0.24347826086956523,851.7175150862238,39.7281725733992
Random,burst,normal,700000137,115,-322.41843783248225,-2.803638589847672,0.22608695652173913,0.22608695652173913,916.7830341036727,30.97270477510407
Greedy,burst,normal,700000137,115,-324.20586646927467,-2.8191814475589103,0.19130434782608696,0.19130434782608696,1144.9310000682456,14.666871851864606
ECT,burst,normal,700000137,115,-312.7645623617468,-2.7196918466238853,0.23478260869565218,0.24347826086956523,1078.1713851856396,11.806541397494357
FIFO,burst,normal,700000138,139,-502.1908882183708,-3.612884087901948,0.007194244604316547,0.007194244604316547,1168.817397198244,72.30101990781036
RoundRobin,burst,normal,700000138,139,-360.200917166421,-2.5913735047943955,0.34532374100719426,0.35251798561151076,842.5808339748515,28.977864523040328
Random,burst,normal,700000138,139,-365.9745457485186,-2.632910401068479,0.33093525179856115,0.34532374100719426,872.9256842348018,30.92672677360487
Greedy,burst,normal,700000138,139,-370.2613603502866,-2.6637507938869542,0.28776978417266186,0.28776978417266186,1016.4315288873513,18.622626173943612
ECT,burst,normal,700000138,139,-354.9104797446783,-2.553312803918549,0.35251798561151076,0.3669064748201439,878.2811472545102,14.050275552070493
FIFO,burst,normal,700000139,114,-381.55998702418964,-3.3470174300367512,0.043859649122807015,0.043859649122807015,1243.8116993744454,72.40170760724581
RoundRobin,burst,normal,700000139,114,-308.7962562314653,-2.7087390897496957,0.22807017543859648,0.22807017543859648,973.8541775243704,35.57810607943431
Random,burst,normal,700000139,114,-311.9772546602356,-2.7366425847389086,0.2631578947368421,0.2631578947368421,1100.9837255514649,50.137472131698075
Greedy,burst,normal,700000139,114,-307.4978985260968,-2.6973499870710245,0.21929824561403508,0.21929824561403508,1048.9559327097559,13.94614199850447
ECT,burst,normal,700000139,114,-300.2638588659092,-2.633893498823765,0.24561403508771928,0.24561403508771928,1056.3109874561017,12.331650264181334
FIFO,burst,congested,700000140,172,-653.946597059911,-3.802015099185529,0.0,0.0,0.0,201.062466504632
RoundRobin,burst,congested,700000140,172,-588.2002163590105,-3.419768699761689,0.03488372093023256,0.03488372093023256,1462.049614921619,98.77255245171996
Random,burst,congested,700000140,172,-591.9477911625042,-3.441556925363397,0.023255813953488372,0.023255813953488372,1454.4517964866052,98.6724328484379
Greedy,burst,congested,700000140,172,-553.2420047643118,-3.2165232835134407,0.01744186046511628,0.01744186046511628,1822.0200452860663,40.547233473479444
ECT,burst,congested,700000140,172,-558.8848468827455,-3.249330505132241,0.023255813953488372,0.023255813953488372,1465.1704932999364,47.14459619442217
FIFO,burst,congested,700000141,159,-592.5892071342838,-3.7269761454986403,0.0,0.006289308176100629,2350.2328552495183,192.98173667315422
RoundRobin,burst,congested,700000141,159,-521.1903953810964,-3.2779270149754494,0.05660377358490566,0.05660377358490566,1354.6966163761342,88.83340537575896
Random,burst,congested,700000141,159,-513.8739316168361,-3.231911519602743,0.050314465408805034,0.050314465408805034,1680.0531570854978,61.19544354442792
Greedy,burst,congested,700000141,159,-494.1112956716784,-3.1076182117715625,0.0440251572327044,0.0440251572327044,1425.5225302758877,40.23433841986747
ECT,burst,congested,700000141,159,-506.39195305127885,-3.184855050636974,0.050314465408805034,0.050314465408805034,1577.3185619382223,60.70168248552204
FIFO,burst,congested,700000142,182,-683.7393809684968,-3.7568097855411913,0.005494505494505495,0.005494505494505495,1485.8884411124423,187.97707694721544
RoundRobin,burst,congested,700000142,182,-608.7338620039495,-3.34469154947225,0.04395604395604396,0.04395604395604396,1273.513420519781,84.82426296020415
Random,burst,congested,700000142,182,-608.3257899546873,-3.3424493953554246,0.04395604395604396,0.04395604395604396,1243.6108654385168,75.04005593303675
Greedy,burst,congested,700000142,182,-569.8246573974207,-3.1309047109748387,0.04395604395604396,0.04395604395604396,1095.97121895587,37.75881832722506
ECT,burst,congested,700000142,182,-585.666051822347,-3.217945339683225,0.054945054945054944,0.06043956043956044,1245.7873482905911,61.59157182876341
FIFO,burst,congested,700000143,156,-594.7914713792642,-3.8127658421747705,0.0,0.0,0.0,198.0748449058804
RoundRobin,burst,congested,700000143,156,-518.3052236422244,-3.3224693823219513,0.05128205128205128,0.05128205128205128,1000.3233787234711,86.38459869517321
Random,burst,congested,700000143,156,-524.0878847381646,-3.359537722680542,0.04487179487179487,0.04487179487179487,1239.1945860904011,101.87150731722969
Greedy,burst,congested,700000143,156,-492.5833099587584,-3.157585320248451,0.038461538461538464,0.038461538461538464,1329.784967258456,40.07383661774055
ECT,burst,congested,700000143,156,-495.95021404121894,-3.1791680387257624,0.038461538461538464,0.038461538461538464,1125.0653298050695,37.80022209041819
FIFO,burst,congested,700000144,164,-635.3232553892759,-3.8739222889589993,0.006097560975609756,0.006097560975609756,645.433673255334,197.76667209177913
RoundRobin,burst,congested,700000144,164,-569.4211987001066,-3.472080479878699,0.042682926829268296,0.042682926829268296,1283.370420129025,88.59832681243623
Random,burst,congested,700000144,164,-585.5059043706768,-3.570157953479737,0.042682926829268296,0.042682926829268296,1196.5070802718074,109.8037309700549
Greedy,burst,congested,700000144,164,-537.0102883375928,-3.2744529776682487,0.024390243902439025,0.024390243902439025,941.5810566726691,35.686843853802344
ECT,burst,congested,700000144,164,-545.6453664412683,-3.3271058929345627,0.03048780487804878,0.03048780487804878,915.0346131267117,49.5713852336517
FIFO,burst,congested,700000145,134,-538.5684701582885,-4.019167687748421,0.0,0.0,0.0,189.26223880597593
RoundRobin,burst,congested,700000145,134,-465.07826446255984,-3.470733316884775,0.08955223880597014,0.09701492537313433,1233.0895424812468,73.41665053926062
Random,burst,congested,700000145,134,-478.8224808319537,-3.5733020957608486,0.06716417910447761,0.07462686567164178,1228.5968365755787,90.62651421793461
Greedy,burst,congested,700000145,134,-438.45561447243915,-3.272056824421188,0.09701492537313433,0.09701492537313433,1379.530732066315,32.11356231076808
ECT,burst,congested,700000145,134,-441.9291271734819,-3.2979785609961336,0.1044776119402985,0.1044776119402985,1311.041872891093,28.480393906706656
FIFO,burst,congested,700000146,172,-659.4994014865102,-3.8342988458518037,0.0,0.0,0.0,182.5283139535024
RoundRobin,burst,congested,700000146,172,-586.7785346410018,-3.4115031083779175,0.01744186046511628,0.01744186046511628,1440.5668034146795,75.90009636499167
Random,burst,congested,700000146,172,-603.7743649473099,-3.5103160752750573,0.011627906976744186,0.011627906976744186,1449.392949457845,90.60233363109337
Greedy,burst,congested,700000146,172,-555.8979835059491,-3.2319650203834254,0.01744186046511628,0.01744186046511628,1426.7623080547598,37.68489593837832
ECT,burst,congested,700000146,172,-568.4407119062553,-3.304887859920089,0.011627906976744186,0.011627906976744186,1101.6267107238991,49.17359306560788
FIFO,burst,congested,700000147,167,-618.7944922078416,-3.7053562407655183,0.0,0.0,0.0,191.94005988025287
RoundRobin,burst,congested,700000147,167,-556.4425111723385,-3.3319910848643026,0.011976047904191617,0.011976047904191617,1218.7106074734181,90.77947604644606
Random,burst,congested,700000147,167,-539.5608114023737,-3.230903062289663,0.029940119760479042,0.029940119760479042,1414.3622080466498,68.3479553753177
Greedy,burst,congested,700000147,167,-514.2902195187214,-3.079582152806715,0.023952095808383235,0.023952095808383235,1186.00384481616,43.89767910179887
ECT,burst,congested,700000147,167,-519.0934192161595,-3.108343827641674,0.029940119760479042,0.029940119760479042,1449.029555414423,41.57103489260244
FIFO,burst,congested,700000148,135,-517.4462942608685,-3.8329355130434704,0.007407407407407408,0.007407407407407408,1249.1590182658524,179.96756288024022
RoundRobin,burst,congested,700000148,135,-452.947434043167,-3.3551661780975333,0.05925925925925926,0.05925925925925926,1073.5925143118695,83.11221518076816
Random,burst,congested,700000148,135,-456.4179856766311,-3.380873967975045,0.02962962962962963,0.02962962962962963,1105.5900506210241,74.82419936580983
Greedy,burst,congested,700000148,135,-432.2793779012255,-3.2020694659350033,0.05185185185185185,0.05185185185185185,1022.4649193782126,47.020764150749315
ECT,burst,congested,700000148,135,-432.63311731577664,-3.204689757894642,0.05185185185185185,0.05925925925925926,1038.685003709625,29.584001455441957
FIFO,burst,congested,700000149,152,-537.414381787893,-3.535620932815086,0.013157894736842105,0.013157894736842105,1772.7848476086751,192.08445008200678
RoundRobin,burst,congested,700000149,152,-446.2463994320589,-2.935831575210914,0.1118421052631579,0.1118421052631579,1297.3323625889666,70.99241427656939
Random,burst,congested,700000149,152,-468.73577771818697,-3.0837880113038616,0.06578947368421052,0.06578947368421052,1217.0708566362187,85.32889550712913
Greedy,burst,congested,700000149,152,-440.7308737508994,-2.899545222045391,0.07236842105263158,0.07894736842105263,1340.6980024136467,34.04209762499986
ECT,burst,congested,700000149,152,-435.7603761516432,-2.866844579945021,0.1118421052631579,0.11842105263157894,1286.820162171597,42.09673274201163
FIFO,burst,congested,700000150,164,-656.8044594313906,-4.004905240435308,0.012195121951219513,0.012195121951219513,1994.7487991121614,195.60614854450083
RoundRobin,burst,congested,700000150,164,-592.1793273292637,-3.6108495568857544,0.03048780487804878,0.03048780487804878,1332.985241967584,91.23890324695095
Random,burst,congested,700000150,164,-593.6214306551677,-3.6196428698485836,0.04878048780487805,0.054878048780487805,1320.3813707021072,89.62946885962663
Greedy,burst,congested,700000150,164,-559.0788690917931,-3.409017494462153,0.03048780487804878,0.03048780487804878,1269.5832213179851,36.70910954575864
ECT,burst,congested,700000150,164,-573.5290948238777,-3.497128626974864,0.024390243902439025,0.03048780487804878,1268.4319411244755,55.43703382956352
FIFO,burst,congested,700000151,151,-586.4796796914162,-3.8839713886848757,0.0,0.0,0.0,193.3636572399196
RoundRobin,burst,congested,700000151,151,-510.7393977503483,-3.3823801175519757,0.06622516556291391,0.06622516556291391,1092.4372549864906,90.11610550850196
Random,burst,congested,700000151,151,-524.8536557591713,-3.475852024895174,0.046357615894039736,0.046357615894039736,1123.622307239687,99.61679360640827
Greedy,burst,congested,700000151,151,-481.16890727069074,-3.186549054772786,0.059602649006622516,0.059602649006622516,1090.3057765776439,34.344600680204096
ECT,burst,congested,700000151,151,-491.6111509312502,-3.2557029862996703,0.046357615894039736,0.046357615894039736,1166.1553809588117,40.29358823707521
FIFO,burst,congested,700000152,128,-478.50741512261385,-3.7383391806454207,0.0,0.0,0.0,183.7979972750379
RoundRobin,burst,congested,700000152,128,-423.12166059041476,-3.3056379733626153,0.03125,0.03125,1177.4176945942552,75.85403579370636
Random,burst,congested,700000152,128,-420.60271715861427,-3.285958727801674,0.03125,0.0390625,1070.061705869694,77.8545285625611
Greedy,burst,congested,700000152,128,-408.3111935545847,-3.189931199645193,0.03125,0.0390625,1168.5784084046084,44.87867342235983
ECT,burst,congested,700000152,128,-397.0268740123473,-3.1017724532214634,0.0546875,0.0546875,1105.6484110542283,27.406316803399132
FIFO,burst,congested,700000153,195,-738.0328468754077,-3.784783830130296,0.005128205128205128,0.005128205128205128,1579.4383991482114,184.30891209310508
RoundRobin,burst,congested,700000153,195,-666.1264851988882,-3.416033257430196,0.02564102564102564,0.02564102564102564,1262.1026715968333,87.93083919476088
Random,burst,congested,700000153,195,-678.0460960868356,-3.4771594671119774,0.020512820512820513,0.020512820512820513,1285.644896895442,91.58466816814098
Greedy,burst,congested,700000153,195,-616.3271847403639,-3.1606522294377637,0.020512820512820513,0.020512820512820513,1085.021778764628,27.22664206706332
ECT,burst,congested,700000153,195,-631.9500853254126,-3.2407696683354494,0.02564102564102564,0.02564102564102564,945.4858556576186,59.28703321075152
FIFO,burst,congested,700000154,175,-660.2367269586084,-3.772781296906334,0.005714285714285714,0.005714285714285714,2400.0083760955354,189.18675653719214
RoundRobin,burst,congested,700000154,175,-591.3957133001284,-3.3794040760007333,0.03428571428571429,0.03428571428571429,950.1497801827991,93.96322154062257
Random,burst,congested,700000154,175,-583.3327262474231,-3.3333298642709894,0.02857142857142857,0.02857142857142857,901.1613575044328,75.48010822437982
Greedy,burst,congested,700000154,175,-559.5120259316016,-3.197211576752009,0.02857142857142857,0.02857142857142857,877.1613575044328,46.20265125591478
ECT,burst,congested,700000154,175,-567.1093961605175,-3.2406251209172425,0.03428571428571429,0.03428571428571429,1105.0858425387405,55.27130716302086
FIFO,burst,congested,700000155,166,-672.3702489952118,-4.0504231867181435,0.012048192771084338,0.012048192771084338,943.2423494411437,200.85260368674315
RoundRobin,burst,congested,700000155,166,-602.8900829860592,-3.631867969795537,0.05421686746987952,0.05421686746987952,1298.535055650987,97.45975168231966
Random,burst,congested,700000155,166,-602.4274002816164,-3.629080724588051,0.03614457831325301,0.04216867469879518,1413.7977666235663,83.48856502684987
Greedy,burst,congested,700000155,166,-564.6356074029799,-3.401419321704698,0.03614457831325301,0.03614457831325301,1219.5990970521812,26.231642814061527
ECT,burst,congested,700000155,166,-580.3930835299967,-3.496343876686727,0.030120481927710843,0.030120481927710843,1255.2656517398532,50.728409757307524
FIFO,burst,congested,700000156,203,-734.6114980807648,-3.618775852614605,0.0049261083743842365,0.0049261083743842365,877.1842356265656,197.74321374787758
RoundRobin,burst,congested,700000156,203,-651.0163371488777,-3.2069770302900378,0.034482758620689655,0.034482758620689655,1293.5204566513223,79.35794171369884
Random,burst,congested,700000156,203,-666.587517791364,-3.2836823536520394,0.024630541871921183,0.024630541871921183,1402.435677596373,93.88784431533882
Greedy,burst,congested,700000156,203,-611.5988054712384,-3.012801997395263,0.034482758620689655,0.034482758620689655,1241.2829003414497,43.96899081998994
ECT,burst,congested,700000156,203,-631.2442994336867,-3.1095778297225944,0.029556650246305417,0.029556650246305417,1132.0966921594977,60.770045860948784
FIFO,burst,congested,700000157,170,-670.9126083972737,-3.946544755278081,0.0,0.0,0.0,191.3411764706006
RoundRobin,burst,congested,700000157,170,-596.7943930548802,-3.510555253264001,0.041176470588235294,0.041176470588235294,1037.3339061223649,92.94484833574539
Random,burst,congested,700000157,170,-596.7455226182105,-3.510267780107121,0.01764705882352941,0.023529411764705882,1289.3693136993584,67.31869846449744
Greedy,burst,congested,700000157,170,-559.7529194356553,-3.2926642319744426,0.041176470588235294,0.047058823529411764,1195.0887958253702,28.00370835389641
ECT,burst,congested,700000157,170,-574.5088335228265,-3.379463726604862,0.047058823529411764,0.047058823529411764,1226.8421105805605,52.62069245407339
FIFO,burst,congested,700000158,162,-625.8266379001939,-3.863127394445641,0.0,0.0,0.0,185.14398470860124
RoundRobin,burst,congested,700000158,162,-555.8415962381032,-3.431120964432736,0.06172839506172839,0.06172839506172839,1270.9994248154453,87.36911524817042
Random,burst,congested,700000158,162,-559.6500667184612,-3.4546300414719826,0.04938271604938271,0.04938271604938271,1263.281977445263,91.3889149351244
Greedy,burst,congested,700000158,162,-525.1920534742527,-3.2419262560139055,0.037037037037037035,0.037037037037037035,1081.457717058982,39.00218196743102
ECT,burst,congested,700000158,162,-530.9784862504827,-3.2776449768548312,0.06172839506172839,0.06172839506172839,1082.8706643052003,53.91640026244287
FIFO,burst,congested,700000159,168,-633.0386298697601,-3.768087082558096,0.0,0.0,0.0,176.02136904763634
RoundRobin,burst,congested,700000159,168,-565.8977973782341,-3.3684392701085364,0.047619047619047616,0.047619047619047616,1533.248892771187,88.11613437319792
Random,burst,congested,700000159,168,-566.2211989872604,-3.370364279686074,0.02976190476190476,0.02976190476190476,1064.953916735818,81.04254894097275
Greedy,burst,congested,700000159,168,-533.6906270875895,-3.176729923140414,0.03571428571428571,0.03571428571428571,1262.8992056796087,44.39815194200483
ECT,burst,congested,700000159,168,-543.5814630752079,-3.2356039468762376,0.041666666666666664,0.041666666666666664,1455.612684493873,54.40736759613564
