agent,workload,network,seen,condition,episode,seed,total_tasks_generated,num_completed,num_failed,completion_rate,avg_latency_ms,deadline_met_rate,total_energy_joules,final_time_ms,task_seed,duration_ms,truncated,num_decisions,episode_return,p95_latency_ms,late_completions,deadline_failures,sla_violations,rejections,fail_deadline_missed_while_running,raw_latency,raw_sla,raw_rejection,raw_balance,raw_energy,raw_utilization,w_latency,w_sla,w_rejection,w_balance,w_energy,w_utilization,m_latency_mean_ms,m_latency_p50_ms,m_latency_p95_ms,m_latency_p99_ms,m_latency_max_ms,m_excess_latency_mean_ms,m_on_time_rate,m_late_rate,m_deadline_failure_rate,m_rejection_rate,m_sla_violation_rate,m_completion_rate,m_makespan_s,m_throughput_tps,m_goodput_tps,m_energy_j,m_energy_per_task_j,m_mean_power_w,m_jain_server_tasks,m_jain_server_tasks_per_core,m_max_server_task_share,m_tasks_server1,m_tasks_server2,m_tasks_server3,m_tasks_server4,m_jain_user_completion,m_min_user_completion_rate,m_util_cpu_fleet,m_util_ram_fleet,m_util_variance_servers,m_util_std_servers,m_util_std_instant_mean,m_queue_mean_fill,m_queue_max_seen,m_util_server1,m_queue_server1,m_util_server2,m_queue_server2,m_util_server3,m_queue_server3,m_util_server4,m_queue_server4,fail_server_full_or_incompatible
FIFO,normal,normal,True,normal_normal,0,90000,35.0,5.0,30.0,0.14285714285714285,1035.004887618698,1.0,1955.2249837903848,17950.0,90000.0,10000.0,0.0,35.0,-115.00053399849753,1318.4522213606244,0.0,30.0,30.0,0.0,30.0,5.175024438093491,35.5,0.0,6.841947060525827,19.552249837903847,0.5001230628773876,-2.5875122190467454,-106.5,0.0,-2.0525841181577484,-3.91044996758077,0.05001230628773875,1035.004887618698,1039.747557997041,1318.4522213606244,1331.595252430781,1334.8810101983202,581.0420342311272,0.14285714285714285,0.0,0.8571428571428571,0.0,0.8571428571428571,0.14285714285714285,17.95,0.2785515320334262,0.2785515320334262,1955.2249837903848,55.863570965439564,108.92618294096852,0.25,0.25,1.0,5.0,0.0,0.0,0.0,0.25636704119850184,0.0,0.01449767816520749,0.005312708056575316,0.001665040856191258,0.04080491215762213,0.04080491215762214,0.0,0.0,0.09423490807384868,0.0,0.0,0.0,0.0,0.0,0.0,0.0,0.0
RoundRobin,normal,normal,True,normal_normal,0,90000,35.0,22.0,13.0,0.6285714285714286,672.3966461748392,1.0,1340.1943885710714,11530.0,90000.0,10000.0,0.0,35.0,-64.69494742709503,1090.0524493707746,0.0,13.0,13.0,0.0,13.0,14.792726215846463,18.0,0.0,2.6943932530251513,13.401943885710715,1.9012243387788292,-7.396363107923231,-54.0,0.0,-0.8083179759075456,-2.6803887771421424,0.1901224338778829,672.3966461748392,692.2215660956008,1090.0524493707746,1284.3554951622225,1334.8810101983202,228.89550347232299,0.6285714285714286,0.0,0.37142857142857144,0.0,0.37142857142857144,0.6285714285714286,11.53,1.9080659150043366,1.9080659150043366,1340.1943885710714,38.29126824488775,116.23541965056994,0.8066666666666666,0.7129080118694362,0.36363636363636365,8.0,7.0,1.0,6.0,0.7462702030667218,0.0,0.053585343098070906,0.02280083482273755,0.0013374674751153424,0.03657140242204751,0.07780849434530566,0.0,0.0,0.11858159819331461,0.0,0.05769852843205771,0.0,0.02475712727808106,0.0,0.03398250381366343,0.0,0.0
Random,normal,normal,True,normal_normal,0,90000,35.0,17.0,18.0,0.4857142857142857,676.0395891836841,1.0,1668.6049650064901,14730.0,90000.0,10000.0,0.0,35.0,-83.42923771373867,953.4919641806505,0.0,18.0,18.0,0.0,18.0,11.49267301612263,24.5,0.0,3.338240458724508,16.6860496500649,1.5578086195297902,-5.746336508061315,-73.5,0.0,-1.0014721376173523,-3.3372099300129805,0.155780861952979,676.0395891836843,709.6659159609881,953.4919641806505,1165.7950144239576,1218.8707769847842,228.233657883748,0.4857142857142857,0.0,0.5142857142857142,0.0,0.5142857142857142,0.4857142857142857,14.73,1.1541072640868975,1.1541072640868975,1668.6049650064901,47.674427571614004,113.27935947090904,0.7014563106796117,0.9120689655172414,0.5294117647058824,3.0,3.0,2.0,9.0,0.670892494929006,0.0,0.04766111307836017,0.01863200390715187,0.0003524594775714959,0.018773904164331296,0.06983481399146,0.0,0.0,0.08221215177183762,0.0,0.041121713944163696,0.0,0.03450413016353283,0.0,0.042696530089136556,0.0,0.0
Greedy,normal,normal,True,normal_normal,0,90000,35.0,21.0,14.0,0.6,694.1932845755613,1.0,1197.8587925004067,10110.0,90000.0,10000.0,0.0,35.0,-74.8726081030486,1098.5189498986751,0.0,14.0,14.0,0.0,14.0,14.578058976086785,21.5,0.0,2.9319978937792,11.978587925004067,1.917383381293353,-7.289029488043393,-64.5,0.0,-0.8795993681337597,-2.3957175850008134,0.19173833812933525,694.1932845755613,692.7370660098413,1098.5189498986751,1287.6085981383912,1334.8810101983202,263.7748133068708,0.6,0.0,0.4,0.0,0.4,0.6,10.11,2.077151335311573,2.077151335311573,1197.8587925004067,34.22453692858305,118.48257096937752,0.9423076923076923,0.85,0.2857142857142857,6.0,6.0,3.0,6.0,0.7820579110651499,0.0,0.05587398215551923,0.023689232561211995,0.0011455773921874028,0.03384637930691262,0.09882315420368655,0.0,0.0,0.1020174463182318,0.0,0.052905972725555625,0.0,0.1146716187490687,0.0,0.032671894288999186,0.0,0.0
ECT,normal,normal,True,normal_normal,0,90000,35.0,29.0,6.0,0.8285714285714286,620.4623244453867,0.9655172413793104,1198.027469811447,10000.0,90000.0,10000.0,0.0,35.0,-43.32863908557584,863.4043301653941,1.0,6.0,7.0,0.0,6.0,17.99340740891621,10.5,0.0,2.1539550501879146,11.98027469811447,2.103060735615378,-8.996703704458104,-31.5,0.0,-0.6461865150563745,-2.396054939622894,0.21030607356153777,620.4623244453867,678.5189498986751,863.4043301653941,968.2948889163348,1004.2833195502371,168.73781014333508,0.8,0.02857142857142857,0.17142857142857143,0.0,0.2,0.8285714285714286,10.0,2.9,2.8,1198.027469811447,34.22935628032705,119.8027469811447,0.37882882882882885,0.4721287336979386,0.7931034482758621,1.0,5.0,0.0,23.0,0.8722606689734715,0.0,0.06864485687508096,0.030018940110742316,0.0018311512145690685,0.04279195268469375,0.0566355532568723,0.0,0.0,0.024597402476920674,0.0,0.03886995556203778,0.0,0.0,0.0,0.11461808536234334,0.0,0.0
PPO,normal,normal,True,normal_normal,0,90000,35.0,29.0,6.0,0.8285714285714286,619.427841686766,0.9655172413793104,1199.250934154691,10000.0,90000.0,10000.0,0.0,35.0,-43.349367406787536,863.4043301653941,1.0,6.0,7.0,0.0,6.0,17.96340740891621,10.5,0.0,2.280884272371006,11.992509341546912,2.151034476912539,-8.981703704458106,-31.5,0.0,-0.6842652817113019,-2.3985018683093826,0.21510344769125386,619.427841686766,678.5189498986751,863.4043301653941,968.2948889163348,1004.2833195502371,167.70332738471438,0.8,0.02857142857142857,0.17142857142857143,0.0,0.2,0.8285714285714286,10.0,2.9,2.8,1199.250934154691,34.26431240441975,119.9250934154691,0.3545531197301855,0.4384057971014493,0.8275862068965517,1.0,4.0,0.0,24.0,0.8722606689734715,0.0,0.06864485687508096,0.03001894011074232,0.0019118477481697548,0.04372468122433547,0.05783790566469909,0.0,0.0,0.024597402476920674,0.0,0.035907577036938136,0.0,0.0,0.0,0.11659300437907644,0.0,0.0
FIFO,normal,normal,True,normal_normal,1,90001,49.0,3.0,46.0,0.061224489795918366,1528.59269079318,1.0,2988.556891562793,27630.0,90001.0,10000.0,0.0,49.0,-148.39445003731828,2133.7654853433664,0.0,46.0,46.0,0.0,46.0,4.58577807237954,45.0,0.0,17.299517631588948,29.88556891562793,0.6540807147375739,-2.29288903618977,-135.0,0.0,-5.189855289476687,-5.977113783125587,0.06540807147375739,1528.59269079318,1525.7323685185595,2133.7654853433664,2187.8128735055716,2201.324720546123,837.7356762694371,0.061224489795918366,0.0,0.9387755102040817,0.0,0.9387755102040817,0.061224489795918366,27.63,0.10857763300760044,0.10857763300760044,2988.556891562793,60.99095697066925,108.1634777981467,0.25,0.25,1.0,3.0,0.0,0.0,0.0,0.19789227166276344,0.0,0.013459799997925107,0.006611963107020508,0.001435176117249396,0.03788371836619785,0.03788371836619776,0.0,0.0,0.0874886999865132,0.0,0.0,0.0,0.0,0.0,0.0,0.0,0.0
RoundRobin,normal,normal,True,normal_normal,1,90001,49.0,30.0,19.0,0.6122448979591837,831.1981693989751,1.0,1805.6256569045242,15500.0,90001.0,10000.0,0.0,49.0,-80.54558847551932,1716.8081621337183,0.0,19.0,19.0,0.0,19.0,24.93594508196925,21.0,0.0,6.045617593003271,18.056256569045242,3.4732065717534217,-12.467972540984626,-63.0,0.0,-1.8136852779009809,-3.6112513138090487,0.3473206571753422,831.1981693989752,766.9924517339643,1716.8081621337183,1969.8864009257495,2006.0594816441885,313.3924854419695,0.6122448979591837,0.0,0.3877551020408163,0.0,0.3877551020408163,0.6122448979591837,15.5,1.935483870967742,1.935483870967742,1805.6256569045242,36.84950320213315,116.49197786480802,0.8211678832116789,0.9245886654478975,0.36666666666666664,7.0,11.0,2.0,10.0,0.8826006561288398,0.3333333333333333,0.06959877429214549,0.03386613849258137,0.000651402384066821,0.025522585763727408,0.10838169743543699,0.0,0.0,0.10767365601640667,0.0,0.09153612779538453,0.0,0.08760996092587345,0.0,0.03928038027627775,0.0,0.0
Random,normal,normal,True,normal_normal,1,90001,49.0,34.0,15.0,0.6938775510204082,926.7935138572209,1.0,1682.9296069442394,14220.0,90001.0,10000.0,0.0,49.0,-74.98607213636174,2000.0585170917736,0.0,15.0,15.0,0.0,15.0,31.510979471145514,18.0,0.0,7.602478424037208,16.8292960694424,4.160203403106469,-15.755489735572757,-54.0,0.0,-2.280743527211162,-3.3658592138884798,0.41602034031064694,926.7935138572209,821.7139528945158,2000.0585170917736,2071.7449475723784,2104.0974904922327,390.3941329305472,0.6938775510204082,0.0,0.30612244897959184,0.0,0.30612244897959184,0.6938775510204082,14.22,2.390998593530239,2.390998593530239,1682.9296069442394,34.3455021825355,118.3494800945316,0.85,0.8919019316493314,0.38235294117647056,9.0,13.0,3.0,9.0,0.922541935894579,0.5,0.0730794460189088,0.03596484484486352,0.001064780784557674,0.032630978908970446,0.10866571023549568,8.333333333333333e-05,1.0,0.1252249393744382,0.0,0.08719081534905927,0.0,0.11218895952472833,0.005,0.03977178309599544,0.0,0.0
Greedy,normal,normal,True,normal_normal,1,90001,49.0,35.0,14.0,0.7142857142857143,951.0741808685029,1.0,1360.761278100539,11060.0,90001.0,10000.0,0.0,49.0,-75.89178004399099,2195.708273867629,0.0,14.0,14.0,0.0,14.0,33.287596330397605,18.5,0.0,4.698474638620858,13.60761278100539,3.8308306899515,-16.643798165198803,-55.5,0.0,-1.4095423915862573,-2.7215225562010774,0.3830830689951501,951.0741808685029,862.4589901826239,2195.708273867629,2557.684625811306,2646.0594816441885,420.69324187224515,0.7142857142857143,0.0,0.2857142857142857,0.0,0.2857142857142857,0.7142857142857143,11.06,3.1645569620253164,3.1645569620253164,1360.761278100539,27.770638328582425,123.03447360764366,0.8254716981132075,0.9637870855148342,0.37142857142857144,7.0,13.0,3.0,12.0,0.9507998602864131,0.5,0.08038680095557184,0.03871158269941864,0.0009491870386923613,0.030808879218374063,0.11940288229973656,0.0,0.0,0.1250201995611606,0.0,0.10529562706043191,0.0,0.10921024542489641,0.0,0.04409920993891475,0.0,0.0
ECT,normal,normal,True,normal_normal,1,90001,49.0,41.0,8.0,0.8367346938775511,759.5547605833133,1.0,1329.8042409363366,10700.0,90001.0,10000.0,0.0,49.0,-56.628630325910166,1191.5413343472792,0.0,8.0,8.0,0.0,8.0,31.14174518391584,12.5,0.0,4.614159273848581,13.298042409363367,4.8609853007498875,-15.57087259195792,-37.5,0.0,-1.3842477821545742,-2.659608481872673,0.4860985300749886,759.5547605833133,791.3247205461228,1191.5413343472792,1420.9118683260954,1424.0974904922327,231.55380646885638,0.8367346938775511,0.0,0.16326530612244897,0.0,0.16326530612244897,0.8367346938775511,10.7,3.8317757009345796,3.8317757009345796,1329.8042409363366,27.138862059925234,124.28077018096604,0.49383078730904817,0.559142731857049,0.6097560975609756,1.0,15.0,0.0,25.0,0.9605336297943302,0.5,0.09367131710027574,0.044396486264544205,0.0029872371149192254,0.05465562290303922,0.07900431180119809,0.0,0.0,0.02571428573592561,0.0,0.13178438722325772,0.0,0.0,0.0,0.10652683365645041,0.0,0.0
PPO,normal,normal,True,normal_normal,1,90001,49.0,41.0,8.0,0.8367346938775511,759.5547605833133,1.0,1329.8042409363366,10700.0,90001.0,10000.0,0.0,49.0,-56.628630325910166,1191.5413343472792,0.0,8.0,8.0,0.0,8.0,31.14174518391584,12.5,0.0,4.614159273848581,13.298042409363367,4.8609853007498875,-15.57087259195792,-37.5,0.0,-1.3842477821545742,-2.659608481872673,0.4860985300749886,759.5547605833133,791.3247205461228,1191.5413343472792,1420.9118683260954,1424.0974904922327,231.55380646885638,0.8367346938775511,0.0,0.16326530612244897,0.0,0.16326530612244897,0.8367346938775511,10.7,3.8317757009345796,3.8317757009345796,1329.8042409363366,27.138862059925234,124.28077018096604,0.49383078730904817,0.559142731857049,0.6097560975609756,1.0,15.0,0.0,25.0,0.9605336297943302,0.5,0.09367131710027574,0.044396486264544205,0.0029872371149192254,0.05465562290303922,0.07900431180119809,0.0,0.0,0.02571428573592561,0.0,0.13178438722325772,0.0,0.0,0.0,0.10652683365645041,0.0,0.0
FIFO,normal,congested,True,normal_congested,0,90000,35.0,0.0,35.0,0.0,0.0,0.0,5611.079999999995,52440.0,90000.0,10000.0,0.0,35.0,-132.72943321464146,0.0,0.0,35.0,35.0,0.0,35.0,0.0,39.5,0.0,10.024244048804878,56.110799999999955,0.0,0.0,-118.5,0.0,-3.007273214641464,-11.222159999999992,0.0,,,,,,,0.0,0.0,1.0,0.0,1.0,0.0,52.44,0.0,0.0,5611.079999999995,160.3165714285713,106.99999999999991,,,,0.0,0.0,0.0,0.0,,0.0,0.0,0.0,0.0,0.0,0.0,0.0,0.0,0.0,0.0,0.0,0.0,0.0,0.0,0.0,0.0,0.0
RoundRobin,normal,congested,True,normal_congested,0,90000,35.0,9.0,26.0,0.2571428571428571,947.057383780955,1.0,3087.4173450903963,28350.0,90000.0,10000.0,0.0,35.0,-110.17420044268331,1588.6584539684397,0.0,26.0,26.0,0.0,26.0,8.523516454028593,33.0,0.0,2.668116554494831,30.87417345090396,0.6282744086022269,-4.261758227014297,-99.0,0.0,-0.8004349663484492,-6.174834690180793,0.06282744086022268,947.057383780955,817.9374232393666,1588.6584539684397,1717.4644235624783,1749.665915960988,442.2789975298562,0.2571428571428571,0.0,0.7428571428571429,0.0,0.7428571428571429,0.2571428571428571,28.35,0.31746031746031744,0.31746031746031744,3087.4173450903963,88.2119241454399,108.90361005609863,0.6982758620689655,0.7275086505190309,0.4444444444444444,2.0,3.0,0.0,4.0,0.4606598984771573,0.0,0.027844613256618356,0.011240057862101131,7.049073107966631e-05,0.008395875837556575,0.04021890327977595,0.0,0.0,0.027948991416048796,0.0,0.03569047336461909,0.0,0.01237856363904053,0.0,0.025156922067737352,0.0,0.0
Random,normal,congested,True,normal_congested,0,90000,35.0,9.0,26.0,0.2571428571428571,896.0814787284008,1.0,4371.089368706564,40360.0,90000.0,10000.0,0.0,35.0,-111.40655622550992,1314.2407606670984,0.0,26.0,26.0,0.0,26.0,8.064733308555606,32.5,0.0,4.030352531505939,43.710893687065635,0.7709492563279139,-4.032366654277803,-97.5,0.0,-1.2091057594517816,-8.742178737413127,0.07709492563279137,896.0814787284008,842.1449723496462,1314.2407606670984,1340.5659609171137,1347.1472609796174,407.6014140530942,0.2571428571428571,0.0,0.7428571428571429,0.0,0.7428571428571429,0.2571428571428571,40.36,0.2229930624380575,0.2229930624380575,4371.089368706564,124.88826767733039,108.30251161314578,0.6532258064516129,0.9145569620253164,0.5555555555555556,1.0,2.0,1.0,5.0,0.45244821092278725,0.0,0.02877587670545169,0.010730709190601298,2.5163219173566994e-05,0.0050162953634696385,0.04173233080900413,0.0,0.0,0.0248185493230946,0.0,0.022116112508343576,0.0,0.02475712727808106,0.0,0.035204620202204565,0.0,0.0
Greedy,normal,congested,True,normal_congested,0,90000,35.0,12.0,23.0,0.34285714285714286,846.187751084775,1.0,1315.5167927121129,11610.0,90000.0,10000.0,0.0,35.0,-99.61892562038048,1402.8081034216964,0.0,23.0,23.0,0.0,23.0,10.1542530130173,30.5,0.0,1.78272973603008,13.155167927121127,1.240533923614525,-5.07712650650865,-91.5,0.0,-0.5348189208090242,-2.6310335854242264,0.12405339236145249,846.187751084775,765.1125080400177,1402.8081034216964,1415.6582422721667,1418.8707769847842,380.0550426585101,0.34285714285714286,0.0,0.6571428571428571,0.0,0.6571428571428571,0.34285714285714286,11.61,1.03359173126615,1.03359173126615,1315.5167927121129,37.58619407748894,113.30893994075046,0.4186046511627907,0.5707547169811321,0.75,2.0,1.0,0.0,9.0,0.6035885167464115,0.0,0.03979144025715901,0.015581121871880417,0.00038823439359366623,0.01970366447120094,0.04249682421973313,0.0,0.0,0.0319275514985772,0.0,0.030094083276205715,0.0,0.0,0.0,0.055509547873514975,0.0,0.0
ECT,normal,congested,True,normal_congested,0,90000,35.0,13.0,22.0,0.37142857142857144,931.1509810584282,1.0,1174.6169207469504,10230.0,90000.0,10000.0,0.0,35.0,-98.88093485914732,1508.154722972165,0.0,22.0,22.0,0.0,22.0,12.104962753759565,30.0,0.0,1.9716046743904174,11.746169207469503,1.1226176154350334,-6.052481376879783,-90.0,0.0,-0.5914814023171252,-2.349233841493901,0.11226176154350331,931.1509810584282,837.9374232393666,1508.154722972165,1701.3636773632231,1749.665915960988,454.1006218908372,0.37142857142857144,0.0,0.6285714285714286,0.0,0.6285714285714286,0.37142857142857144,10.23,1.270772238514174,1.270772238514174,1174.6169207469504,33.56048344991287,114.82081336724832,0.5487012987012987,0.7115384615384615,0.6153846153846154,2.0,3.0,0.0,8.0,0.6251084128360798,0.0,0.04191234074226287,0.017412884998907276,0.0004289957859232085,0.020712213448185794,0.04833126182623721,0.0,0.0,0.048335143211916946,0.0,0.032820349646869695,0.0,0.0,0.0,0.05281812410635076,0.0,0.0
PPO,normal,congested,True,normal_congested,0,90000,35.0,13.0,22.0,0.37142857142857144,931.1509810584282,1.0,1174.6169207469504,10230.0,90000.0,10000.0,0.0,35.0,-98.88093485914732,1508.154722972165,0.0,22.0,22.0,0.0,22.0,12.104962753759565,30.0,0.0,1.9716046743904174,11.746169207469503,1.1226176154350334,-6.052481376879783,-90.0,0.0,-0.5914814023171252,-2.349233841493901,0.11226176154350331,931.1509810584282,837.9374232393666,1508.154722972165,1701.3636773632231,1749.665915960988,454.1006218908372,0.37142857142857144,0.0,0.6285714285714286,0.0,0.6285714285714286,0.37142857142857144,10.23,1.270772238514174,1.270772238514174,1174.6169207469504,33.56048344991287,114.82081336724832,0.5487012987012987,0.7115384615384615,0.6153846153846154,2.0,3.0,0.0,8.0,0.6251084128360798,0.0,0.04191234074226287,0.017412884998907276,0.0004289957859232085,0.020712213448185794,0.04833126182623721,0.0,0.0,0.048335143211916946,0.0,0.032820349646869695,0.0,0.0,0.0,0.05281812410635076,0.0,0.0
FIFO,normal,congested,True,normal_congested,1,90001,49.0,1.0,48.0,0.02040816326530612,1168.7209833148581,1.0,8125.645111368102,75830.0,90001.0,10000.0,0.0,49.0,-163.049158548449,1168.7209833148581,0.0,48.0,48.0,0.0,48.0,1.1687209833148582,46.5,0.0,22.4761226143913,81.25645111368102,0.2932895026202159,-0.5843604916574291,-139.5,0.0,-6.74283678431739,-16.251290222736205,0.02932895026202159,1168.7209833148581,1168.7209833148581,1168.7209833148581,1168.7209833148581,1168.7209833148581,523.3063618472319,0.02040816326530612,0.0,0.9795918367346939,0.0,0.9795918367346939,0.02040816326530612,75.83,0.013187392852433075,0.013187392852433075,8125.645111368102,165.82949206873678,107.15607426306346,0.25,0.25,1.0,1.0,0.0,0.0,0.0,0.07142857142857142,0.0,0.004692632041923454,0.002118009984426413,0.00017444598920014916,0.013207800316485298,0.013207800316485302,0.0,0.0,0.030502108272502448,0.0,0.0,0.0,0.0,0.0,0.0,0.0,0.0
RoundRobin,normal,congested,True,normal_congested,1,90001,49.0,12.0,37.0,0.24489795918367346,1033.7344453388794,1.0,4542.448962420697,41870.0,90001.0,10000.0,0.0,49.0,-129.30511069762386,1688.7417354642012,0.0,37.0,37.0,0.0,37.0,12.404813344066552,37.5,0.0,5.621750800171767,45.42448962420697,1.687191393023381,-6.202406672033276,-112.5,0.0,-1.6865252400515292,-9.084897924841394,0.16871913930233812,1033.7344453388794,1041.9032301367934,1688.7417354642012,1893.0263394866267,1944.0974904922327,435.8588012911618,0.24489795918367346,0.0,0.7551020408163265,0.0,0.7551020408163265,0.24489795918367346,41.87,0.28660138524002865,0.28660138524002865,4542.448962420697,92.70304004940198,108.48934708432523,0.5,0.4807692307692308,0.5,0.0,6.0,0.0,6.0,0.430962675372805,0.0,0.03238621444125858,0.015754923411452522,0.0006329378350214238,0.025158255802448307,0.03825978286161835,0.0,0.0,0.0,0.0,0.06082200320740537,0.0,0.0,0.0,0.02962212915112335,0.0,0.0
Random,normal,congested,True,normal_congested,1,90001,49.0,15.0,34.0,0.30612244897959184,1121.9396912168825,0.9333333333333333,3525.7907661851145,32180.0,90001.0,10000.0,0.0,49.0,-126.37989837109322,1611.528321203931,1.0,34.0,35.0,0.0,34.0,16.829095368253242,36.5,0.0,5.354547550813237,35.25790766185114,1.9259511064759034,-8.414547684126621,-109.5,0.0,-1.606364265243971,-7.05158153237023,0.19259511064759047,1121.9396912168825,1171.3474700909628,1611.528321203931,1702.8915590556337,1725.7323685185595,546.6595086737888,0.2857142857142857,0.02040816326530612,0.6938775510204082,0.0,0.7142857142857143,0.30612244897959184,32.18,0.4661280298321939,0.435052827843381,3525.7907661851145,71.95491359561458,109.56466022949392,0.6944444444444444,0.7272727272727273,0.4,3.0,6.0,0.0,6.0,0.542722553355124,0.0,0.03945263480200031,0.018695822599957213,0.0004754055358673804,0.02180379636364687,0.055680844310084285,0.0,0.0,0.05527561452527403,0.0,0.051167491316907766,0.0,0.0,0.0,0.03294384301797082,0.0,0.0
Greedy,normal,congested,True,normal_congested,1,90001,49.0,12.0,37.0,0.24489795918367346,1288.4828464136554,1.0,1799.7180262448735,16150.0,90001.0,10000.0,0.0,49.0,-125.7380973968177,1965.8624352533636,0.0,37.0,37.0,0.0,37.0,15.461794156963865,38.0,0.0,1.986129189484696,17.997180262448733,1.8807449099937779,-7.730897078481933,-114.0,0.0,-0.595838756845409,-3.5994360524897475,0.18807449099937787,1288.4828464136551,1252.2768627822938,1965.8624352533636,2218.212848289145,2281.3004515480898,656.310846232334,0.24489795918367346,0.0,0.7551020408163265,0.0,0.7551020408163265,0.24489795918367346,16.15,0.7430340557275542,0.7430340557275542,1799.7180262448735,36.728939311119866,111.4376486838931,0.5454545454545454,0.6808510638297872,0.5833333333333334,1.0,4.0,0.0,7.0,0.5054150921344813,0.0,0.03569180931607185,0.017402845381509758,0.0003898059270636604,0.0197435034141274,0.03849410719679786,0.0,0.0,0.010291681730758381,0.0,0.03943230482516796,0.0,0.0,0.0,0.047613489724457565,0.0,0.0
ECT,normal,congested,True,normal_congested,1,90001,49.0,14.0,35.0,0.2857142857142857,1211.9405429565845,1.0,1306.9870777789026,11400.0,90001.0,10000.0,0.0,49.0,-121.41405745627118,1864.9966741345916,0.0,35.0,35.0,0.0,35.0,16.967167601392184,36.5,0.0,3.3666778698323547,13.069870777789024,1.9350386093240954,-8.483583800696092,-109.5,0.0,-1.0100033609497063,-2.613974155557805,0.1935038609324096,1211.9405429565845,1215.1178878701517,1864.9966741345916,2241.8469201422686,2336.0594816441885,622.7057473321103,0.2857142857142857,0.0,0.7142857142857143,0.0,0.7142857142857143,0.2857142857142857,11.4,1.2280701754385965,1.2280701754385965,1306.9870777789026,26.673205668957195,114.6479892788511,0.6447368421052632,0.7205882352941176,0.42857142857142855,2.0,6.0,0.0,6.0,0.5872790345794736,0.0,0.04147109644096465,0.02044184604562356,0.0004816187702351595,0.021945814412665562,0.05200306491527501,0.0,0.0,0.05530525884035945,0.0,0.05203920223396215,0.0,0.0,0.0,0.036726154519328834,0.0,0.0
PPO,normal,congested,True,normal_congested,1,90001,49.0,14.0,35.0,0.2857142857142857,1221.2262572422987,1.0,1329.7707848612358,11590.0,90001.0,10000.0,0.0,49.0,-121.55595795549222,1877.9966741345916,0.0,35.0,35.0,0.0,35.0,17.097167601392183,36.5,0.0,3.5082392200896684,13.297707848612358,2.0463918095324227,-8.548583800696091,-109.5,0.0,-1.0524717660269003,-2.659541569722471,0.20463918095324232,1221.2262572422987,1215.1178878701517,1877.9966741345916,2244.4469201422685,2336.0594816441885,631.9914616178246,0.2857142857142857,0.0,0.7142857142857143,0.0,0.7142857142857143,0.2857142857142857,11.59,1.2079378774805867,1.2079378774805867,1329.7707848612358,27.138179282882362,114.73432138578394,0.5444444444444444,0.5617977528089888,0.5714285714285714,1.0,8.0,0.0,5.0,0.5872790345794736,0.0,0.043865190245443664,0.02172058082043395,0.0004885014156227743,0.022102068129991236,0.054249189806806944,0.0,0.0,0.05530525884035945,0.0,0.05203920223396215,0.0,0.0,0.0,0.0419133577623667,0.0,0.0
FIFO,normal,unseen,False,normal_unseen,0,90000,35.0,0.0,35.0,0.0,0.0,0.0,3617.4844795151585,33740.0,90000.0,10000.0,0.0,35.0,-128.33304517038363,0.0,0.0,35.0,35.0,0.0,35.0,0.0,39.5,0.0,8.660254037844384,36.174844795151586,0.0,0.0,-118.5,0.0,-2.598076211353316,-7.234968959030318,0.0,,,,,,,0.0,0.0,1.0,0.0,1.0,0.0,33.74,0.0,0.0,3617.4844795151585,103.35669941471882,107.21649316879544,,,,0.0,0.0,0.0,0.0,,0.0,0.0031105178935955775,0.0012172647754109395,7.664668803365284e-05,0.008754809423034452,0.008754809423034452,0.0,0.0,0.020218366308371254,0.0,0.0,0.0,0.0,0.0,0.0,0.0,0.0
RoundRobin,normal,unseen,False,normal_unseen,0,90000,35.0,15.0,20.0,0.42857142857142855,834.2290804303406,0.9333333333333333,2118.7508756933858,19010.0,90000.0,10000.0,0.0,35.0,-98.22388850129761,1169.9028574740282,1.0,20.0,21.0,0.0,20.0,12.513436206455108,29.0,0.0,2.85734748882969,21.18750875693386,1.2753559996563066,-6.256718103227554,-87.0,0.0,-0.857204246648907,-4.237501751386771,0.12753559996563066,834.2290804303407,798.8707769847842,1169.9028574740282,1305.713304263596,1339.665915960988,375.9327718097966,0.4,0.02857142857142857,0.5714285714285714,0.0,0.6,0.42857142857142855,19.01,0.7890583903208837,0.7364544976328248,2118.7508756933858,60.535739305525304,111.45454369770572,0.7922535211267606,0.7819148936170213,0.4,5.0,3.0,1.0,6.0,0.5688976377952757,0.0,0.04403902047647309,0.01811979474126446,0.0003920645777846195,0.019800620641399588,0.06482232778294011,0.0,0.0,0.07694473087346305,0.0,0.04813692212174452,0.0,0.02475712727808106,0.0,0.033552164780360806,0.0,0.0
Random,normal,unseen,False,normal_unseen,0,90000,35.0,12.0,23.0,0.34285714285714286,784.8371080012439,0.9166666666666666,3254.008541169249,29680.0,90000.0,10000.0,0.0,35.0,-103.85985822286777,1068.400823049904,1.0,23.0,24.0,0.0,23.0,9.418045296014924,30.5,0.0,4.284279128069007,32.540085411692495,1.4246524589888698,-4.709022648007462,-91.5,0.0,-1.2852837384207019,-6.508017082338499,0.14246524589888696,784.8371080012439,796.2014909854147,1068.400823049904,1091.3979733936746,1097.1472609796174,313.0042078851108,0.3142857142857143,0.02857142857142857,0.6571428571428571,0.0,0.6857142857142857,0.34285714285714286,29.68,0.40431266846361186,0.3706199460916442,3254.008541169249,92.97167260483569,109.63640637362698,0.6206896551724138,0.9307692307692308,0.5833333333333334,2.0,2.0,1.0,7.0,0.546969696969697,0.0,0.04104456089401593,0.015398102472104769,0.00021259899302187403,0.014580774774403246,0.058310305153207585,0.0,0.0,0.06365654401313842,0.0,0.03247265037521051,0.0,0.02475712727808106,0.0,0.0419364124695012,0.0,0.0
Greedy,normal,unseen,False,normal_unseen,0,90000,35.0,19.0,16.0,0.5428571428571428,849.576362827987,0.9473684210526315,1166.6803745521104,10000.0,90000.0,10000.0,0.0,35.0,-84.4587548796596,1351.5512193547565,1.0,16.0,17.0,0.0,16.0,16.141950893731753,24.5,0.0,2.1920242179659204,11.666803745521106,1.031885817003056,-8.070975446865877,-73.5,0.0,-0.6576072653897762,-2.333360749104221,0.1031885817003056,849.576362827987,794.9582702821453,1351.5512193547565,1437.1254037898916,1458.5189498986751,386.2882583310008,0.5142857142857142,0.02857142857142857,0.45714285714285713,0.0,0.4857142857142857,0.5428571428571428,10.0,1.9,1.8,1166.6803745521104,33.333724987203155,116.66803745521104,0.7584033613445378,0.9704968944099379,0.47368421052631576,3.0,5.0,2.0,9.0,0.677120067170445,0.0,0.048280521062710156,0.020603866396409418,0.0004092561402085771,0.02023008008408709,0.07619725727948169,0.0,0.0,0.04585364609064412,0.0,0.03907897919358965,0.0,0.09045123247943786,0.0,0.048195388730024546,0.0,0.0
ECT,normal,unseen,False,normal_unseen,0,90000,35.0,20.0,15.0,0.5714285714285714,762.8014263660248,1.0,1174.6576334424178,10000.0,90000.0,10000.0,0.0,35.0,-76.36514256957201,1318.273193728686,0.0,15.0,15.0,0.0,15.0,15.256028527320495,22.0,0.0,1.7461628590328655,11.746576334424182,1.3603581868295564,-7.628014263660248,-66.0,0.0,-0.5238488577098596,-2.349315266884836,0.13603581868295564,762.8014263660248,768.2281865690209,1318.273193728686,1335.3873715145276,1339.665915960988,299.02200669538786,0.5714285714285714,0.0,0.42857142857142855,0.0,0.42857142857142855,0.5714285714285714,10.0,2.0,2.0,1174.6576334424178,33.561646669783364,117.46576334424178,0.37593984962406013,0.4840052585451358,0.8,1.0,3.0,0.0,16.0,0.7657154673283707,0.0,0.057417939059437664,0.02477731901274956,0.0009315351649203079,0.03052106100580889,0.058252020623343774,0.0,0.0,0.034197813849142104,0.0,0.04090455323908595,0.0,0.0,0.0,0.08573656118634361,0.0,0.0
PPO,normal,unseen,False,normal_unseen,0,90000,35.0,20.0,15.0,0.5714285714285714,762.8014263660248,1.0,1174.6576334424178,10000.0,90000.0,10000.0,0.0,35.0,-76.36514256957201,1318.273193728686,0.0,15.0,15.0,0.0,15.0,15.256028527320495,22.0,0.0,1.7461628590328655,11.746576334424182,1.3603581868295564,-7.628014263660248,-66.0,0.0,-0.5238488577098596,-2.349315266884836,0.13603581868295564,762.8014263660248,768.2281865690209,1318.273193728686,1335.3873715145276,1339.665915960988,299.02200669538786,0.5714285714285714,0.0,0.42857142857142855,0.0,0.42857142857142855,0.5714285714285714,10.0,2.0,2.0,1174.6576334424178,33.561646669783364,117.46576334424178,0.37593984962406013,0.4840052585451358,0.8,1.0,3.0,0.0,16.0,0.7657154673283707,0.0,0.057417939059437664,0.02477731901274956,0.0009315351649203079,0.03052106100580889,0.058252020623343774,0.0,0.0,0.034197813849142104,0.0,0.04090455323908595,0.0,0.0,0.0,0.08573656118634361,0.0,0.0
FIFO,normal,unseen,False,normal_unseen,1,90001,49.0,1.0,48.0,0.02040816326530612,998.7209833148582,1.0,5263.395111368405,49080.0,90001.0,10000.0,0.0,49.0,-156.50308421655134,998.7209833148582,0.0,48.0,48.0,0.0,48.0,0.9987209833148583,46.5,0.0,19.99643404951207,52.633951113684056,0.21996712696516194,-0.49936049165742913,-139.5,0.0,-5.99893021485362,-10.526790222736814,0.021996712696516194,998.7209833148582,998.7209833148582,998.7209833148582,998.7209833148582,998.7209833148582,353.306361847232,0.02040816326530612,0.0,0.9795918367346939,0.0,0.9795918367346939,0.02040816326530612,49.08,0.020374898125509373,0.020374898125509373,5263.395111368405,107.41622676262051,107.24113918843531,0.25,0.25,1.0,1.0,0.0,0.0,0.0,0.07142857142857142,0.0,0.004692632041923454,0.002118009984426413,0.00017444598920014916,0.013207800316485298,0.013207800316485298,0.0,0.0,0.030502108272502448,0.0,0.0,0.0,0.0,0.0,0.0,0.0,0.0
RoundRobin,normal,unseen,False,normal_unseen,1,90001,49.0,19.0,30.0,0.3877551020408163,897.5401761312638,0.9473684210526315,3186.882116153346,28800.0,90001.0,10000.0,0.0,49.0,-112.47156724343127,1532.2515541593214,1.0,30.0,31.0,0.0,30.0,17.053263346494013,32.0,0.0,5.974117949440989,31.86882116153346,2.2106404695471986,-8.526631673247007,-96.0,0.0,-1.7922353848322965,-6.373764232306692,0.22106404695471993,897.5401761312636,872.4589901826239,1532.2515541593214,1532.8015456010705,1532.939043461508,343.72717476285385,0.3673469387755102,0.02040816326530612,0.6122448979591837,0.0,0.6326530612244898,0.3877551020408163,28.8,0.6597222222222222,0.625,3186.882116153346,65.03841053374175,110.65562903310229,0.6057046979865772,0.6698405668733391,0.47368421052631576,2.0,9.0,0.0,8.0,0.6626412154265681,0.0,0.05183148462797286,0.025039897623082848,0.0004356624251001823,0.020872527999746038,0.071159815666696,0.0,0.0,0.0325949936300987,0.0,0.08457131865242765,0.0,0.05768600080859076,0.0,0.03544133958085806,0.0,0.0
Random,normal,unseen,False,normal_unseen,1,90001,49.0,19.0,30.0,0.3877551020408163,975.2922271222868,1.0,2625.275938290201,23630.0,90001.0,10000.0,0.0,49.0,-107.43369812384773,1452.9057256758094,0.0,30.0,30.0,0.0,30.0,18.53055231532345,30.5,0.0,5.530204156068847,26.252759382902006,2.411911572150388,-9.265276157661726,-91.5,0.0,-1.6590612468206543,-5.250551876580403,0.24119115721503884,975.2922271222866,950.9689156064078,1452.9057256758094,1792.5538972080171,1877.4659400910687,394.13591914140335,0.3877551020408163,0.0,0.6122448979591837,0.0,0.6122448979591837,0.3877551020408163,23.63,0.8040626322471435,0.8040626322471435,2625.275938290201,53.57705996510614,111.09927796403728,0.6996124031007752,0.7307541241162606,0.42105263157894735,4.0,7.0,0.0,8.0,0.6641101887415851,0.0,0.04733378183280409,0.022514850879260362,0.000516662874703049,0.022730219416077994,0.0644333674068185,0.0,0.0,0.06142401462073138,0.0,0.0674520394108332,0.0,0.01023956539939296,0.0,0.03540723525704409,0.0,0.0
Greedy,normal,unseen,False,normal_unseen,1,90001,49.0,20.0,29.0,0.40816326530612246,1115.5084521933163,1.0,1513.5106556347357,12940.0,90001.0,10000.0,0.0,49.0,-109.37849555708978,2043.8786612564043,0.0,29.0,29.0,0.0,29.0,22.31016904386633,31.5,0.0,3.3475868526774004,15.135106556347356,3.078863319160986,-11.155084521933166,-94.5,0.0,-1.0042760558032198,-3.027021311269472,0.30788633191609865,1115.5084521933163,977.5571049602931,2043.8786612564043,2136.6271718770213,2159.814299532176,508.9023735071145,0.40816326530612246,0.0,0.5918367346938775,0.0,0.5918367346938775,0.40816326530612246,12.94,1.545595054095827,1.545595054095827,1513.5106556347357,30.8879725639742,116.96372918351899,0.6024096385542169,0.8313148788927336,0.5,1.0,8.0,1.0,10.0,0.6927246592660582,0.0,0.061929658927310366,0.030163426152154837,0.0005296350676951432,0.023013801678452503,0.08272615335304215,0.0,0.0,0.029775241407954508,0.0,0.0926088644232307,0.0,0.06802979887071477,0.0,0.0511783044459147,0.0,0.0
ECT,normal,unseen,False,normal_unseen,1,90001,49.0,26.0,23.0,0.5306122448979592,1170.5032808549402,1.0,1313.8677772620586,10880.0,90001.0,10000.0,0.0,49.0,-104.26616530143838,1889.5879882802217,0.0,23.0,23.0,0.0,23.0,30.433085302228445,28.5,0.0,4.152829072686837,13.138677772620587,3.2396162600602616,-15.216542651114223,-85.5,0.0,-1.2458487218060508,-2.627735554524117,0.3239616260060262,1170.5032808549404,1037.1431848989018,1889.5879882802217,2425.624448930725,2596.1334350768893,555.0219267917506,0.5306122448979592,0.0,0.46938775510204084,0.0,0.46938775510204084,0.5306122448979592,10.88,2.389705882352941,2.389705882352941,1313.8677772620586,26.81362810738895,120.75990599835096,0.5633333333333334,0.6701312910284465,0.5384615384615384,2.0,10.0,0.0,14.0,0.8403479177648919,0.0,0.07448378302774167,0.034048689885125036,0.0014962226878697494,0.038681037833410696,0.0720325222393785,0.0,0.0,0.05143833242913396,0.0,0.10641705959702945,0.0,0.0,0.0,0.07329071268570934,0.0,0.0
PPO,normal,unseen,False,normal_unseen,1,90001,49.0,26.0,23.0,0.5306122448979592,1171.272511624171,1.0,1314.1024171913282,10880.0,90001.0,10000.0,0.0,49.0,-104.27082902661392,1889.5879882802217,0.0,23.0,23.0,0.0,23.0,30.453085302228445,28.5,0.0,4.133477223743541,13.141024171913283,3.2396162600602616,-15.226542651114222,-85.5,0.0,-1.2400431671230623,-2.6282048343826565,0.3239616260060262,1171.272511624171,1037.1431848989018,1889.5879882802217,2425.624448930725,2596.1334350768893,555.7911575609813,0.5306122448979592,0.0,0.46938775510204084,0.0,0.46938775510204084,0.5306122448979592,10.88,2.389705882352941,2.389705882352941,1314.1024171913282,26.818416677374046,120.78147216832059,0.6079136690647482,0.7205263157894737,0.5,3.0,10.0,0.0,13.0,0.8403479177648919,0.0,0.07448378302774157,0.03404868988512508,0.0014938434310272806,0.03865027077560105,0.07346452709976116,0.0,0.0,0.07404995328041454,0.0,0.10641705959702945,0.0,0.0,0.0,0.06575350573528226,0.0,0.0
FIFO,heavy,normal,True,heavy_normal,0,90000,163.0,1.0,162.0,0.006134969325153374,627.4669472773112,1.0,13788.21463751768,128820.0,90000.0,10000.0,0.0,163.0,-643.4292021916086,627.4669472773112,0.0,162.0,162.0,0.0,162.0,0.6274669472773112,191.5,0.0,136.88479727115143,137.88214637517677,0.2639973841087176,-0.3137334736386556,-574.5,0.0,-41.06543918134539,-27.57642927503536,0.026399738410871756,627.4669472773112,627.4669472773112,627.4669472773112,627.4669472773112,627.4669472773112,178.04587011273605,0.006134969325153374,0.0,0.9938650306748467,0.0,0.9938650306748467,0.006134969325153374,128.82,0.00776276975624903,0.00776276975624903,13788.21463751768,84.59027384980172,107.03473558079243,0.25,0.25,1.0,1.0,0.0,0.0,0.0,0.06666666666666667,0.0,0.0020842634059819965,0.0017305224249778489,3.441384453713198e-05,0.005866331437715736,0.00586633143771573,0.0,0.0,0.013547712138882978,0.0,0.0,0.0,0.0,0.0,0.0,0.0,0.0
RoundRobin,heavy,normal,True,heavy_normal,0,90000,163.0,45.0,118.0,0.27607361963190186,936.3790860299058,0.9555555555555556,4879.380647601595,42270.0,90000.0,10000.0,0.0,163.0,-513.9146674454802,1760.5866579439778,2.0,108.0,110.0,10.0,108.0,42.13705887134577,142.0,12.0,38.80227364172248,48.79380647601595,25.533053779127822,-21.068529435672886,-426.0,-48.0,-11.64068209251674,-9.75876129520319,2.553305377912777,936.3790860299057,867.151037649365,1760.5866579439778,1887.3662230239447,1889.7348213607966,382.45047849597546,0.26380368098159507,0.012269938650306749,0.6625766871165644,0.06134969325153374,0.6748466257668712,0.27607361963190186,42.27,1.0645848119233499,1.0172699313934233,4879.380647601595,29.93485059878279,115.43365620065282,0.542604501607717,0.7062068965517241,0.6222222222222222,7.0,10.0,0.0,28.0,0.7732394118961046,0.0,0.1612971067219074,0.07808209540865214,0.005084856854848531,0.07130818224333398,0.14180982082313404,0.00026250000000000004,1.0,0.15108571906438248,0.021,0.17659727831075958,0.0,0.006696129553710556,0.0,0.18026761774321376,0.0,10.0
Random,heavy,normal,True,heavy_normal,0,90000,163.0,37.0,126.0,0.22699386503067484,941.0676195258638,0.972972972972973,6092.586170959412,53550.0,90000.0,10000.0,0.0,163.0,-518.564286708279,1614.2886984991023,1.0,122.0,123.0,4.0,122.0,34.81950192245696,154.0,3.5,52.85077185545441,60.925861709594116,28.858681515045596,-17.40975096122848,-462.0,-14.0,-15.855231556636328,-12.185172341918825,2.885868151504555,941.0676195258641,896.6760470933832,1614.2886984991023,1662.761967002739,1671.4863152518046,369.2113687598808,0.22085889570552147,0.006134969325153374,0.7484662576687117,0.024539877300613498,0.754601226993865,0.22699386503067484,53.55,0.6909430438842203,0.6722689075630253,6092.586170959412,37.37782926968964,113.77378470512441,0.552907915993538,0.678927680798005,0.5675675675675675,3.0,13.0,0.0,21.0,0.8108580225345908,0.0,0.16867059716462401,0.0752108428508764,0.006848859163801711,0.08275783445572818,0.13244754014710772,0.0,0.0,0.09532322793741405,0.0,0.18746151990005008,0.0,0.0,0.0,0.20870420461084727,0.0,4.0
Greedy,heavy,normal,True,heavy_normal,0,90000,163.0,32.0,131.0,0.19631901840490798,1142.1207312152806,1.0,2930.572396285767,24200.0,90000.0,10000.0,0.0,163.0,-515.6345610207561,2092.9502373644887,0.0,131.0,131.0,0.0,131.0,36.54786339888898,163.0,0.0,16.01496847651674,29.305723962857677,23.050060142148812,-18.27393169944449,-489.0,0.0,-4.804490542955023,-5.861144792571533,2.3050060142148787,1142.1207312152803,1036.0372842636111,2092.9502373644887,2199.828300081023,2210.5122616536482,533.1484642407997,0.19631901840490798,0.0,0.803680981595092,0.0,0.803680981595092,0.19631901840490798,24.2,1.322314049586777,1.322314049586777,2930.572396285767,17.978971756354397,121.09803290437054,0.5953488372093023,0.7392307692307692,0.5625,5.0,9.0,0.0,18.0,0.6520615524306443,0.0,0.15113717654427644,0.06348471589403722,0.0031492071441016622,0.05611779703535824,0.13985092210767697,0.0,0.0,0.1519358912167613,0.0,0.1053286594865742,0.0,0.047213703423161064,0.0,0.19873052854543552,0.0,0.0
ECT,heavy,normal,True,heavy_normal,0,90000,163.0,41.0,122.0,0.25153374233128833,1115.4930909302093,1.0,2115.0162082527063,16030.0,90000.0,10000.0,0.0,163.0,-492.3430466670423,1752.5465723660855,0.0,122.0,122.0,0.0,122.0,45.735216728138596,153.0,0.0,30.468004196868588,21.150162082527075,28.949953725929817,-22.867608364069298,-459.0,0.0,-9.140401259060575,-4.230032416505411,2.8949953725929767,1115.4930909302095,1057.3309241028478,1752.5465723660855,2249.3018205730627,2521.178824120567,532.2012472972272,0.25153374233128833,0.0,0.7484662576687117,0.0,0.7484662576687117,0.25153374233128833,16.03,2.557704304429195,2.557704304429195,2115.0162082527063,12.975559559832554,131.9411234094015,0.7334205933682374,0.96,0.43902439024390244,7.0,14.0,2.0,18.0,0.7957718226246896,0.0,0.17758484437255218,0.0834762851740554,0.004349623261833198,0.06595167368485198,0.14993804349320203,0.0010625,1.0,0.2652453958308424,0.085,0.203154056020148,0.0,0.08759146383502212,0.0,0.1463174162109799,0.0,0.0
PPO,heavy,normal,True,heavy_normal,0,90000,163.0,43.0,120.0,0.26380368098159507,1136.383286862959,1.0,2114.033776222771,15990.0,90000.0,10000.0,0.0,163.0,-490.3386944480917,1742.4405466546573,0.0,120.0,120.0,0.0,120.0,48.864481335107236,152.0,0.0,29.05239680696954,21.140337762227713,30.373328139983993,-24.432240667553618,-456.0,0.0,-8.71571904209087,-4.228067552445542,3.037332813998398,1136.3832868629593,1054.912642939083,1742.4405466546573,2590.5922178897536,2720.5122616536482,551.0584054187192,0.26380368098159507,0.0,0.7361963190184049,0.0,0.7361963190184049,0.26380368098159507,15.99,2.689180737961226,2.689180737961226,2114.033776222771,12.969532369464853,132.20974210273738,0.6289115646258503,0.8710360449084106,0.5348837209302325,6.0,13.0,1.0,23.0,0.8677257015605969,0.058823529411764705,0.1808560733776013,0.08647449407376043,0.003773248443948683,0.06142677302242633,0.1390684483029155,0.0019125,2.0,0.2188471696205105,0.153,0.19103006007160633,0.0,0.058894769525554,0.0,0.1817366008093028,0.0,0.0
FIFO,heavy,normal,True,heavy_normal,1,90001,185.0,1.0,184.0,0.005405405405405406,351.2128160072373,1.0,14902.07667448232,139230.0,90001.0,10000.0,0.0,185.0,-722.0807465777126,351.2128160072373,0.0,184.0,184.0,0.0,184.0,0.3512128160072373,214.5,0.0,162.13538641137637,149.0207667448232,0.3962910266844922,-0.17560640800361865,-643.5,0.0,-48.64061592341282,-29.804153348964643,0.03962910266844922,351.2128160072373,351.2128160072373,351.2128160072373,351.2128160072373,351.2128160072373,125.89074924978112,0.005405405405405406,0.0,0.9945945945945946,0.0,0.9945945945945946,0.005405405405405406,139.23,0.007182360123536595,0.007182360123536595,14902.07667448232,80.55176580801253,107.03208126468664,0.25,0.25,1.0,1.0,0.0,0.0,0.0,0.06666666666666667,0.0,0.0017436805174117658,0.0005381310332827373,2.4085841025442045e-05,0.004907732778528395,0.004907732778528395,0.0,0.0,0.011333923363176478,0.0,0.0,0.0,0.0,0.0,0.0,0.0,0.0
RoundRobin,heavy,normal,True,heavy_normal,1,90001,185.0,41.0,144.0,0.22162162162162163,1025.4089338580127,0.975609756097561,5085.090486594243,44200.0,90001.0,10000.0,0.0,185.0,-569.8015814949563,1708.5523338200592,1.0,136.0,137.0,8.0,136.0,42.04176628817853,162.0,10.0,52.13931321006651,50.85090486594243,30.312765853416852,-21.020883144089265,-486.0,-40.0,-15.641793963019946,-10.170180973188486,3.0312765853416823,1025.4089338580127,893.3946763925824,1708.5523338200592,2247.4526003801247,2359.1705678374747,450.5682811375188,0.21621621621621623,0.005405405405405406,0.7351351351351352,0.043243243243243246,0.7405405405405405,0.22162162162162163,44.2,0.927601809954751,0.9049773755656108,5085.090486594243,27.486975603212123,115.04729607679282,0.40840621963070944,0.5260736196319019,0.7560975609756098,2.0,8.0,0.0,31.0,0.8256600722513123,0.0,0.1589562658208959,0.07224019627072525,0.006749391280267119,0.08215467899193034,0.13015510255595925,0.0002,1.0,0.1003167820242788,0.016,0.11928714869923458,0.0,0.0,0.0,0.2314415494710251,0.0,8.0
Random,heavy,normal,True,heavy_normal,1,90001,185.0,38.0,147.0,0.20540540540540542,1048.0583111854708,1.0,4093.0810074846495,35030.0,90001.0,10000.0,0.0,185.0,-585.5052240820685,1738.155794888076,0.0,132.0,132.0,15.0,132.0,39.82621582504788,159.0,17.0,51.57768918559972,40.93081007484649,30.67352601104468,-19.91310791252394,-477.0,-68.0,-15.473306755679918,-8.186162014969296,3.067352601104466,1048.0583111854708,1046.6298337213534,1738.155794888076,1915.09381159825,2000.1726839566345,457.706002594338,0.20540540540540542,0.0,0.7135135135135136,0.08108108108108109,0.7135135135135136,0.20540540540540542,35.03,1.0847844704538967,1.0847844704538967,4093.0810074846495,22.124762202619728,116.84501876918782,0.5262390670553936,0.5461783439490444,0.5,1.0,18.0,0.0,19.0,0.7042748830648905,0.0,0.1585132048607037,0.07127766101531921,0.009245892790179391,0.09615556557048266,0.13281951646233833,0.0,0.0,0.023286077300595984,0.0,0.21997447448924826,0.0,0.004011490377780468,0.0,0.1883650200421971,0.0,15.0
Greedy,heavy,normal,True,heavy_normal,1,90001,185.0,23.0,162.0,0.12432432432432433,1224.8005183238527,1.0,2731.830091715241,23250.0,90001.0,10000.0,0.0,185.0,-607.0048596728249,2331.002394985121,0.0,162.0,162.0,0.0,162.0,28.17041192144861,195.0,0.0,15.030573795990229,27.31830091715242,20.53178610127125,-14.085205960724306,-585.0,0.0,-4.509172138797069,-5.463660183430482,2.0531786101271274,1224.8005183238527,1205.0486573497433,2331.002394985121,2480.674842117225,2514.9452784525392,651.1209914787294,0.12432432432432433,0.0,0.8756756756756757,0.0,0.8756756756756757,0.12432432432432433,23.25,0.989247311827957,0.989247311827957,2731.830091715241,14.766649144406708,117.49806846087058,0.4513651877133106,0.5664739884393062,0.6956521739130435,1.0,6.0,0.0,16.0,0.5149913188800905,0.0,0.11328760310856266,0.05701373377324843,0.0020135551678322765,0.04487265501207029,0.11517023250192306,0.0,0.0,0.055979306592405985,0.0,0.11779875331814924,0.0,0.03207575144826686,0.0,0.1429182437509398,0.0,0.0
ECT,heavy,normal,True,heavy_normal,1,90001,185.0,20.0,165.0,0.10810810810810811,1390.0968106511025,1.0,2095.5557700353543,17260.0,90001.0,10000.0,0.0,185.0,-622.2785127625712,2321.0093124265195,0.0,165.0,165.0,0.0,165.0,27.80193621302205,199.0,0.0,30.419370755785852,20.955557700353534,19.393781107465518,-13.900968106511025,-597.0,0.0,-9.125811226735756,-4.1911115400707075,1.939378110746557,1390.0968106511025,1320.9900767591303,2321.0093124265195,2462.192933936457,2497.4888393139418,761.0121826215244,0.10810810810810811,0.0,0.8918918918918919,0.0,0.8918918918918919,0.10810810810810811,17.26,1.1587485515643103,1.1587485515643103,2095.5557700353543,11.32732848667759,121.411110662535,0.8333333333333334,0.970554272517321,0.4,4.0,6.0,2.0,8.0,0.5687999311676583,0.0,0.11677335630722728,0.05897536413714159,0.00119463634705052,0.03456351178700625,0.12524679518648688,0.0001875,2.0,0.12370586513343258,0.015,0.1651144914356695,0.0,0.07592016815005695,0.0,0.08904396130572577,0.0,0.0
PPO,heavy,normal,True,heavy_normal,1,90001,185.0,21.0,164.0,0.11351351351351352,1374.1757713901955,1.0,2087.233894734956,17260.0,90001.0,10000.0,0.0,185.0,-620.1075525937474,2311.72091627455,0.0,164.0,164.0,0.0,164.0,28.8576911991941,198.0,0.0,31.518586147105193,20.87233894734956,19.513366394511543,-14.42884559959705,-594.0,0.0,-9.455575844131562,-4.17446778946991,1.9513366394511582,1374.1757713901955,1346.3863762620067,2311.72091627455,2412.3352547060636,2437.4888393139418,748.9155946944579,0.11351351351351352,0.0,0.8864864864864865,0.0,0.8864864864864865,0.11351351351351352,17.26,1.216685979142526,1.216685979142526,2087.233894734956,11.282345376945708,120.92896261500323,0.7205882352941176,0.9480609418282548,0.47619047619047616,4.0,6.0,1.0,10.0,0.6275001501314598,0.0,0.11493613054489255,0.057376287311964626,0.0005509293820522961,0.023471884927553137,0.11105064969976425,0.0,0.0,0.12788915838035544,0.0,0.12089568370963971,0.0,0.06799824849464858,0.0,0.11446839949828082,0.0,0.0
FIFO,heavy,congested,True,heavy_congested,0,90000,163.0,1.0,162.0,0.006134969325153374,887.4669472773112,1.0,36623.1677282826,342240.0,90000.0,10000.0,0.0,163.0,-690.1785598762532,887.4669472773112,0.0,162.0,162.0,0.0,162.0,0.8874669472773112,191.5,0.0,140.02196184886262,366.23167728282596,0.18097608609461574,-0.4437334736386556,-574.5,0.0,-42.00658855465875,-73.24633545656519,0.018097608609461573,887.4669472773112,887.4669472773112,887.4669472773112,887.4669472773112,887.4669472773112,438.04587011273605,0.006134969325153374,0.0,0.9938650306748467,0.0,0.9938650306748467,0.006134969325153374,342.24,0.00292192613370734,0.00292192613370734,36623.1677282826,224.68201060296073,107.01019088441619,0.25,0.25,1.0,1.0,0.0,0.0,0.0,0.06666666666666667,0.0,0.0015925895576326195,0.0013787488145314412,2.0092580313028042e-05,0.004482474797812927,0.004482474797812923,0.0,0.0,0.010351832124612027,0.0,0.0,0.0,0.0,0.0,0.0,0.0,0.0
RoundRobin,heavy,congested,True,heavy_congested,0,90000,163.0,4.0,159.0,0.024539877300613498,1565.8759388310696,1.0,12794.44078748196,119350.0,90000.0,10000.0,0.0,163.0,-622.3315770524463,2349.7443717431615,0.0,149.0,149.0,10.0,149.0,6.263503755324278,177.5,12.0,44.29637932711061,127.9444078748196,1.7797019831285381,-3.131751877662139,-532.5,-48.0,-13.288913798133187,-25.588881574963924,0.1779701983128539,1565.8759388310696,1435.0728303162487,2349.7443717431615,2474.661792280208,2505.8911474144697,911.799897150082,0.024539877300613498,0.0,0.9141104294478528,0.06134969325153374,0.9141104294478528,0.024539877300613498,119.35,0.033514872224549644,0.033514872224549644,12794.44078748196,78.493501763693,107.20101204425606,0.6666666666666666,0.6926229508196721,0.5,1.0,1.0,0.0,2.0,0.16632302405498275,0.0,0.014510207562211337,0.008962357148278291,5.4950193863522174e-05,0.007412839797508251,0.01762493893470557,0.0,0.0,0.011554675823307492,0.0,0.010022965937774735,0.0,0.0,0.0,0.02090524715183891,0.0,10.0
Random,heavy,congested,True,heavy_congested,0,90000,163.0,8.0,155.0,0.049079754601226995,1007.7164762690041,0.875,15795.099810697011,147040.0,90000.0,10000.0,0.0,163.0,-617.7654868360921,1523.7292848655495,1.0,151.0,152.0,4.0,151.0,8.061731810152034,183.0,3.5,65.19627401809535,157.95099810697013,4.14460895806431,-4.030865905076017,-549.0,-14.0,-19.558882205428603,-31.590199621394028,0.41446089580643125,1007.7164762690043,1059.5709479357624,1523.7292848655495,1580.6759713243764,1594.912642939083,510.751091779948,0.04294478527607362,0.006134969325153374,0.9263803680981595,0.024539877300613498,0.9325153374233128,0.049079754601226995,147.04,0.0544069640914037,0.04760609357997824,15795.099810697011,96.90245282636204,107.42042852759121,0.4,0.45,0.75,0.0,2.0,0.0,6.0,0.3908188832121922,0.0,0.034108287756980146,0.016376647748399874,0.0006663830310875944,0.02581439581101201,0.03174168043281857,0.0,0.0,0.0,0.0,0.01630040223384716,0.0,0.0,0.0,0.06303435531755887,0.0,4.0
Greedy,heavy,congested,True,heavy_congested,0,90000,163.0,4.0,159.0,0.024539877300613498,1333.6566949092562,0.75,8405.260292468549,78230.0,90000.0,10000.0,0.0,163.0,-592.0008751316316,1795.1042634350863,1.0,159.0,160.0,0.0,159.0,5.334626779637024,190.5,0.0,4.164672039885826,84.05260292468549,2.263604550897428,-2.667313389818512,-571.5,0.0,-1.2494016119657472,-16.8105205849371,0.2263604550897429,1333.6566949092562,1297.8141062439345,1795.1042634350863,1840.2461485844929,1851.5316198718447,742.0381949556682,0.018404907975460124,0.006134969325153374,0.9754601226993865,0.0,0.9815950920245399,0.024539877300613498,78.23,0.05113127956027099,0.03834845967020324,8405.260292468549,51.56601406422423,107.44292844776362,0.4,0.5,0.75,1.0,0.0,0.0,3.0,0.24620948122822012,0.0,0.019203511196530153,0.011756022371080515,0.00011490310246227794,0.010719286471695677,0.022858974278148675,0.0,0.0,0.01819622161934063,0.0,0.009683435163218963,0.0,0.0,0.0,0.02908657694388914,0.0,0.0
ECT,heavy,congested,True,heavy_congested,0,90000,163.0,3.0,160.0,0.018404907975460124,1290.886186359158,1.0,6112.959401878186,56880.0,90000.0,10000.0,0.0,163.0,-592.2812139036868,1918.4492755312826,0.0,160.0,160.0,0.0,160.0,3.8726585590774736,190.5,0.0,23.010187761602914,61.12959401878187,2.8409050808939766,-1.9363292795387368,-571.5,0.0,-6.90305632848087,-12.225918803756374,0.2840905080893975,1290.886186359158,1230.2789688610794,1918.4492755312826,1979.619969457523,1994.912642939083,757.5604262846203,0.018404907975460124,0.0,0.9815950920245399,0.0,0.9815950920245399,0.018404907975460124,56.88,0.05274261603375527,0.05274261603375527,6112.959401878186,37.50281841643059,107.47115685439849,0.25,0.25,1.0,0.0,0.0,0.0,3.0,0.1932278656674993,0.0,0.01572143281511775,0.010943491843057984,9.862732104403735e-05,0.009931128890717175,0.017111992004605434,0.0,0.0,0.019910630188565606,0.0,0.005235504259311115,0.0,0.0,0.0,0.023935891530359184,0.0,0.0
PPO,heavy,congested,True,heavy_congested,0,90000,163.0,3.0,160.0,0.018404907975460124,1290.886186359158,1.0,6934.71940187805,64560.0,90000.0,10000.0,0.0,163.0,-593.3288457133503,1918.4492755312826,0.0,160.0,160.0,0.0,160.0,3.8726585590774736,190.5,0.0,21.023893793815915,69.34719401878051,2.8409050808939766,-1.9363292795387368,-571.5,0.0,-6.307168138144773,-13.869438803756102,0.2840905080893975,1290.886186359158,1230.2789688610794,1918.4492755312826,1979.619969457523,1994.912642939083,757.5604262846203,0.018404907975460124,0.0,0.9815950920245399,0.0,0.9815950920245399,0.018404907975460124,64.56,0.046468401486988845,0.046468401486988845,6934.71940187805,42.54429080906779,107.41510845536013,0.25,0.25,1.0,0.0,0.0,0.0,3.0,0.1932278656674993,0.0,0.01572143281511775,0.010943491843057984,9.862732104403735e-05,0.009931128890717175,0.017111992004605434,0.0,0.0,0.019910630188565606,0.0,0.005235504259311115,0.0,0.0,0.0,0.023935891530359184,0.0,0.0
FIFO,heavy,congested,True,heavy_congested,1,90001,185.0,1.0,184.0,0.005405405405405406,541.2128160072373,1.0,40079.17667448375,374530.0,90001.0,10000.0,0.0,185.0,-772.5137226683811,541.2128160072373,0.0,184.0,184.0,0.0,184.0,0.5412128160072373,214.5,0.0,162.00204850825747,400.7917667448375,0.15851641067379688,-0.2706064080036186,-643.5,0.0,-48.60061455247715,-80.15835334896751,0.01585164106737969,541.2128160072373,541.2128160072373,541.2128160072373,541.2128160072373,541.2128160072373,315.89074924978115,0.005405405405405406,0.0,0.9945945945945946,0.0,0.9945945945945946,0.005405405405405406,374.53,0.0026700130830641074,0.0026700130830641074,40079.17667448375,216.6441982404527,107.01192607930942,0.25,0.25,1.0,1.0,0.0,0.0,0.0,0.06666666666666667,0.0,0.0017436805174117658,0.0005381310332827373,2.4085841025442045e-05,0.004907732778528395,0.004907732778528395,0.0,0.0,0.011333923363176478,0.0,0.0,0.0,0.0,0.0,0.0,0.0,0.0
RoundRobin,heavy,congested,True,heavy_congested,1,90001,185.0,2.0,183.0,0.010810810810810811,754.3875793124128,1.0,13905.434956202002,129870.0,90001.0,10000.0,0.0,185.0,-699.5071679712403,946.2448662870706,0.0,175.0,175.0,8.0,175.0,1.5087751586248255,204.0,10.0,63.28414030629535,139.05434956202,0.4333161236471249,-0.7543875793124127,-612.0,-40.0,-18.9852420918886,-27.810869912404,0.04333161236471249,754.3875793124128,754.3875793124128,946.2448662870706,963.2988473514847,967.5623426175882,502.7759010388603,0.010810810810810811,0.0,0.9459459459459459,0.043243243243243246,0.9459459459459459,0.010810810810810811,129.87,0.015400015400015399,0.015400015400015399,13905.434956202002,75.16451327676758,107.07195623471165,0.5,0.39999999999999997,0.5,1.0,0.0,0.0,1.0,0.06666666666666667,0.0,0.004959151671656995,0.0025370138728198874,2.2315254291571126e-05,0.004723902443062423,0.007973197105819346,0.0,0.0,0.011333923363176478,0.0,0.00033759735203749705,0.0,0.0,0.0,0.006741789266172999,0.0,8.0
Random,heavy,congested,True,heavy_congested,1,90001,185.0,4.0,181.0,0.021621621621621623,1624.8766702807286,1.0,10327.120174763064,96090.0,90001.0,10000.0,0.0,185.0,-694.633484923329,2050.8223524243867,0.0,166.0,166.0,15.0,166.0,6.499506681122914,195.0,17.0,60.53417367514175,103.27120174763064,4.307608693010289,-3.249753340561457,-585.0,-68.0,-18.160252102542533,-20.654240349526123,0.4307608693010293,1624.8766702807286,2016.6226038829668,2050.8223524243867,2054.203396364672,2055.0486573497433,992.5290922954437,0.021621621621621623,0.0,0.8972972972972973,0.08108108108108109,0.8972972972972973,0.021621621621621623,96.09,0.041627640753460295,0.041627640753460295,10327.120174763064,55.82227121493548,107.47341216321223,0.5,0.48076923076923067,0.5,0.0,2.0,0.0,2.0,0.24453811029153488,0.0,0.02564247197145387,0.010626762637390794,0.00028871370019722096,0.016991577331054965,0.02732232951127064,0.0,0.0,0.0,0.0,0.022618583764187458,0.0,0.0,0.0,0.04047963342869175,0.0,15.0
Greedy,heavy,congested,True,heavy_congested,1,90001,185.0,1.0,184.0,0.005405405405405406,541.2128160072373,1.0,9083.223765739942,84840.0,90001.0,10000.0,0.0,185.0,-662.907300443239,541.2128160072373,0.0,184.0,184.0,0.0,184.0,0.5412128160072373,214.5,0.0,3.286993816076138,90.83223765739942,0.15851641067379688,-0.2706064080036186,-643.5,0.0,-0.986098144822843,-18.166447531479882,0.01585164106737969,541.2128160072373,541.2128160072373,541.2128160072373,541.2128160072373,541.2128160072373,315.89074924978115,0.005405405405405406,0.0,0.9945945945945946,0.0,0.9945945945945946,0.005405405405405406,84.84,0.011786892975011787,0.011786892975011787,9083.223765739942,49.098506841837526,107.06298639486023,0.25,0.25,1.0,1.0,0.0,0.0,0.0,0.06666666666666667,0.0,0.002351038276017246,0.0009577462120619625,2.254618735590653e-05,0.004748282569088168,0.005477552297344478,0.0,0.0,0.011333923363176478,0.0,0.0,0.0,0.0,0.0,0.0013159418103118735,0.0,0.0
ECT,heavy,congested,True,heavy_congested,1,90001,185.0,1.0,184.0,0.005405405405405406,381.2128160072373,1.0,9932.60754911666,92750.0,90001.0,10000.0,0.0,185.0,-672.911639131337,381.2128160072373,0.0,181.0,181.0,3.0,181.0,0.3812128160072373,212.5,2.0,24.898686641122715,99.3260754911666,1.1378836723671482,-0.19060640800361864,-637.5,-8.0,-7.469605992336815,-19.86521509823332,0.11378836723671482,381.2128160072373,381.2128160072373,381.2128160072373,381.2128160072373,381.2128160072373,155.89074924978112,0.005405405405405406,0.0,0.9783783783783784,0.016216216216216217,0.9783783783783784,0.005405405405405406,92.75,0.01078167115902965,0.01078167115902965,9932.60754911666,53.689770535765724,107.09010834627126,0.25,0.25,1.0,0.0,0.0,0.0,1.0,0.06666666666666667,0.0,0.004806977304010889,0.00117271849378729,2.0339001069872963e-05,0.004509878165746051,0.004509878165746056,0.0,0.0,0.0,0.0,0.0,0.0,0.0,0.0,0.010415117492023592,0.0,3.0
PPO,heavy,congested,True,heavy_congested,1,90001,185.0,1.0,184.0,0.005405405405405406,381.2128160072373,1.0,8115.747549116658,75770.0,90001.0,10000.0,0.0,185.0,-666.6525380373917,381.2128160072373,0.0,184.0,184.0,0.0,184.0,0.3812128160072373,214.5,0.0,22.81408299463778,81.15747549116658,1.1378836723671482,-0.19060640800361864,-643.5,0.0,-6.844224898391334,-16.231495098233317,0.11378836723671482,381.2128160072373,381.2128160072373,381.2128160072373,381.2128160072373,381.2128160072373,155.89074924978112,0.005405405405405406,0.0,0.9945945945945946,0.0,0.9945945945945946,0.005405405405405406,75.77,0.013197835554968985,0.013197835554968985,8115.747549116658,43.86890567090085,107.11030155888423,0.25,0.25,1.0,0.0,0.0,0.0,1.0,0.06666666666666667,0.0,0.004806977304010889,0.00117271849378729,2.0339001069872963e-05,0.004509878165746051,0.004509878165746056,0.0,0.0,0.0,0.0,0.0,0.0,0.0,0.0,0.010415117492023592,0.0,0.0
FIFO,heavy,unseen,False,heavy_unseen,0,90000,163.0,1.0,162.0,0.006134969325153374,747.4669472773112,1.0,23454.67772828128,219170.0,90000.0,10000.0,0.0,163.0,-663.6729307826305,747.4669472773112,0.0,162.0,162.0,0.0,162.0,0.7474669472773112,191.5,0.0,139.69313153679553,234.5467772828128,0.18097608609461574,-0.3737334736386556,-574.5,0.0,-41.90793946103863,-46.909355456562565,0.018097608609461573,747.4669472773112,747.4669472773112,747.4669472773112,747.4669472773112,747.4669472773112,298.04587011273605,0.006134969325153374,0.0,0.9938650306748467,0.0,0.9938650306748467,0.006134969325153374,219.17,0.004562668248391659,0.004562668248391659,23454.67772828128,143.89372839436368,107.01591334708802,0.25,0.25,1.0,1.0,0.0,0.0,0.0,0.06666666666666667,0.0,0.0015925895576326195,0.0013787488145314412,2.0092580313028042e-05,0.004482474797812927,0.004482474797812923,0.0,0.0,0.010351832124612027,0.0,0.0,0.0,0.0,0.0,0.0,0.0,0.0
RoundRobin,heavy,unseen,False,heavy_unseen,0,90000,163.0,12.0,151.0,0.0736196319018405,1155.1477836473211,0.9166666666666666,8310.730503745619,76540.0,90000.0,10000.0,0.0,163.0,-598.1763139129416,2083.7706019322127,1.0,141.0,142.0,10.0,141.0,13.861773403767852,171.5,12.0,43.7432240165642,83.10730503745619,9.9900100140276,-6.930886701883926,-514.5,-48.0,-13.122967204969266,-16.621461007491234,0.99900100140276,1155.147783647321,1113.0973506233815,2083.7706019322127,2609.6971796828966,2741.178824120567,616.338193021339,0.06748466257668712,0.006134969325153374,0.8650306748466258,0.06134969325153374,0.8711656441717791,0.0736196319018405,76.54,0.15678076822576428,0.1437157042069506,8310.730503745619,50.98607671009582,108.58022607454427,0.5,0.6628440366972477,0.6666666666666666,2.0,2.0,0.0,8.0,0.41207300636368127,0.0,0.057937283763865595,0.026265467069797047,0.0007574103448675588,0.02752108909304933,0.061397519940431126,0.0,0.0,0.0397559954798289,0.0,0.05730597414248333,0.0,0.0,0.0,0.0740748002334436,0.0,10.0
Random,heavy,unseen,False,heavy_unseen,0,90000,163.0,21.0,142.0,0.12883435582822086,1096.1934655376415,1.0,10344.94591288655,95120.0,90000.0,10000.0,0.0,163.0,-571.401276466095,1852.5144020967227,0.0,138.0,138.0,4.0,138.0,23.020062776290473,169.5,3.5,60.42087216573663,103.4494591288655,14.249083975443233,-11.510031388145237,-508.5,-14.0,-18.126261649721002,-20.6898918257731,1.424908397544327,1096.1934655376415,1134.912642939083,1852.5144020967227,2242.9126897422634,2340.5122616536482,533.8424468937675,0.12883435582822086,0.0,0.8466257668711656,0.024539877300613498,0.8466257668711656,0.12883435582822086,95.12,0.22077375946173253,0.22077375946173253,10344.94591288655,63.465925845929746,108.75679050553562,0.4392430278884462,0.560077519379845,0.7142857142857143,1.0,5.0,0.0,15.0,0.6211969265259285,0.0,0.08300963471177206,0.04016967380358293,0.0021585866457677575,0.046460592395790194,0.06923578186059638,0.0,0.0,0.023190408408294092,0.0,0.0830888370140851,0.0,0.0,0.0,0.11673151439668468,0.0,4.0
Greedy,heavy,unseen,False,heavy_unseen,0,90000,163.0,11.0,152.0,0.06748466257668712,1254.0584331232178,0.9090909090909091,4809.227006513356,44080.0,90000.0,10000.0,0.0,163.0,-566.6415739805337,1705.6407845911576,1.0,152.0,153.0,0.0,152.0,13.794642764355396,183.0,0.0,5.973375351673581,48.09227006513356,6.662140201727929,-6.897321382177698,-549.0,0.0,-1.7920126055020729,-9.618454013026714,0.6662140201727932,1254.058433123218,1335.8193046664792,1705.6407845911576,1714.2232979128173,1716.3689262432322,638.3534391784907,0.06134969325153374,0.006134969325153374,0.9325153374233128,0.0,0.9386503067484663,0.06748466257668712,44.08,0.24954627949183303,0.2268602540834846,4809.227006513356,29.504460162658628,109.1022460642776,0.5127118644067796,0.6717252396166135,0.6363636363636364,1.0,3.0,0.0,7.0,0.24591230947205173,0.0,0.0488737861166393,0.02511902747220638,0.0007396952649718152,0.027197339299494264,0.04898313059962722,0.0,0.0,0.02739244717896539,0.0,0.031347931612480465,0.0,0.0,0.0,0.07586376645140973,0.0,0.0
ECT,heavy,unseen,False,heavy_unseen,0,90000,163.0,11.0,152.0,0.06748466257668712,1393.1767244247276,0.9090909090909091,3215.6812780887294,29240.0,90000.0,10000.0,0.0,163.0,-575.636618461381,2363.711383643157,1.0,152.0,153.0,0.0,152.0,15.324943968672002,185.0,0.0,23.614538057190696,32.15681278088729,5.41577496289829,-7.662471984336001,-555.0,0.0,-7.0843614171572025,-6.431362556177458,0.5415774962898292,1393.1767244247276,1264.912642939083,2363.711383643157,2813.455194660208,2925.8911474144697,755.4706155916326,0.06134969325153374,0.006134969325153374,0.9325153374233128,0.0,0.9386503067484663,0.06748466257668712,29.24,0.3761969904240766,0.34199726402188785,3215.6812780887294,19.72810600054435,109.9754199072753,0.55,0.8524340770791075,0.6363636363636364,2.0,1.0,1.0,7.0,0.3409345258022861,0.0,0.04213997701398226,0.024980459364153607,0.0005231091929145205,0.0228715804638534,0.07087510079483741,0.0,0.0,0.08397521367500559,0.0,0.02485336859026456,0.0,0.061609149944173484,0.0,0.03647444158775441,0.0,0.0
PPO,heavy,unseen,False,heavy_unseen,0,90000,163.0,10.0,153.0,0.06134969325153374,1226.9052821257533,0.9,3194.2450379991333,29080.0,90000.0,10000.0,0.0,163.0,-575.1507127541724,1709.0556492021844,1.0,153.0,154.0,0.0,153.0,12.269052821257532,185.5,0.0,22.286224575522468,31.942450379991335,5.581711051112703,-6.134526410628766,-556.5,0.0,-6.685867372656741,-6.388490075998266,0.5581711051112709,1226.9052821257533,1255.3783954034072,1709.0556492021844,1783.0364257379126,1801.5316198718447,614.1990208540003,0.05521472392638037,0.006134969325153374,0.9386503067484663,0.0,0.9447852760736196,0.06134969325153374,29.08,0.343878954607978,0.3094910591471802,3194.2450379991333,19.59659532514806,109.8433644428863,0.5952380952380952,0.6617647058823529,0.6,1.0,1.0,2.0,6.0,0.3316726396803948,0.0,0.04119466500366982,0.02447565717795504,0.00076700330849526,0.02769482457960801,0.07101825825669053,0.0,0.0,0.024438555937567726,0.0,0.047249491479488516,0.0,0.09623500887943012,0.0,0.033570093062531337,0.0,0.0
FIFO,heavy,unseen,False,heavy_unseen,1,90001,185.0,1.0,184.0,0.005405405405405406,431.2128160072373,1.0,25625.616674484623,239450.0,90001.0,10000.0,0.0,185.0,-743.648891477632,431.2128160072373,0.0,184.0,184.0,0.0,184.0,0.43121281600723727,214.5,0.0,162.3791833426465,256.2561667448462,0.31703282134759375,-0.21560640800361863,-643.5,0.0,-48.71375500279386,-51.25123334896925,0.03170328213475938,431.2128160072373,431.2128160072373,431.2128160072373,431.2128160072373,431.2128160072373,205.89074924978112,0.005405405405405406,0.0,0.9945945945945946,0.0,0.9945945945945946,0.005405405405405406,239.45,0.0041762372102735435,0.0041762372102735435,25625.616674484623,138.51684688910606,107.01865389218887,0.25,0.25,1.0,1.0,0.0,0.0,0.0,0.06666666666666667,0.0,0.0017436805174117658,0.0005381310332827373,2.4085841025442045e-05,0.004907732778528395,0.004907732778528395,0.0,0.0,0.011333923363176478,0.0,0.0,0.0,0.0,0.0,0.0,0.0,0.0
RoundRobin,heavy,unseen,False,heavy_unseen,1,90001,185.0,7.0,178.0,0.03783783783783784,1135.9315667659362,1.0,8994.295522565357,83290.0,90001.0,10000.0,0.0,185.0,-677.9865407889565,1778.4835972330982,0.0,170.0,170.0,8.0,170.0,7.951520967361555,199.5,10.0,61.27038351166326,89.94295522565356,8.589257933541527,-3.9757604836807774,-598.5,-40.0,-18.38111505349898,-17.988591045130715,0.8589257933541534,1135.9315667659362,1114.872904214972,1778.4835972330982,1829.0734524662594,1841.7209162745498,627.8946271515646,0.03783783783783784,0.0,0.918918918918919,0.043243243243243246,0.918918918918919,0.03783783783783784,83.29,0.08404370272541721,0.08404370272541721,8994.295522565357,48.61781363548842,107.98769987471913,0.4537037037037037,0.6224137931034484,0.7142857142857143,1.0,1.0,0.0,5.0,0.18188522164703375,0.0,0.043122261854508695,0.020080255107500982,0.0005598128385219821,0.02366036429394066,0.04503694269699531,0.0,0.0,0.0156390972254239,0.0,0.03835115695191397,0.0,0.0,0.0,0.06265109697501824,0.0,8.0
Random,heavy,unseen,False,heavy_unseen,1,90001,185.0,9.0,176.0,0.04864864864864865,1172.1981807872112,1.0,6664.460120499529,61200.0,90001.0,10000.0,0.0,185.0,-670.8251035166504,1606.9825496995657,0.0,161.0,161.0,15.0,161.0,10.5497836270849,189.0,17.0,61.549888562199214,66.6446012049953,12.436751065508956,-5.27489181354245,-567.0,-68.0,-18.464966568659747,-13.328920240999057,1.2436751065508944,1172.198180787211,1176.8732911807,1606.9825496995657,1614.4940432081,1616.3719165852337,554.1515927483877,0.04864864864864865,0.0,0.8702702702702703,0.08108108108108109,0.8702702702702703,0.04864864864864865,61.2,0.14705882352941177,0.14705882352941177,6664.460120499529,36.024108759456915,108.89640719770472,0.45,0.49,0.6666666666666666,0.0,3.0,0.0,6.0,0.375595250882998,0.0,0.05860425682481654,0.024542500825375027,0.001756824398016051,0.041914489117917814,0.05540122864168508,0.0,0.0,0.0,0.0,0.0365032633372399,0.0,0.0,0.0,0.10264038089560923,0.0,15.0
Greedy,heavy,unseen,False,heavy_unseen,1,90001,185.0,5.0,180.0,0.02702702702702703,1423.1549035879696,1.0,5120.010280083959,47220.0,90001.0,10000.0,0.0,185.0,-651.8452836943,2225.422690157786,0.0,180.0,180.0,0.0,180.0,7.115774517939848,212.0,0.0,8.77363915256162,51.20010280083959,5.847158706063554,-3.557887258969924,-636.0,0.0,-2.6320917457684816,-10.240020560167919,0.5847158706063563,1423.1549035879696,1695.0486573497433,2225.422690157786,2318.461271051197,2341.72091627455,899.0596122918129,0.02702702702702703,0.0,0.972972972972973,0.0,0.972972972972973,0.02702702702702703,47.22,0.1058873358746294,0.1058873358746294,5120.010280083959,27.675731243697072,108.42884964176109,0.6944444444444444,0.7272727272727272,0.4,1.0,2.0,0.0,2.0,0.19292742257560902,0.0,0.03268769466751486,0.015043074705513283,0.00048447860231020246,0.02201087463755592,0.045880102583804726,0.0,0.0,0.044940425428678495,0.0,0.05609992694908817,0.0,0.0,0.0,0.018443245337330588,0.0,0.0
ECT,heavy,unseen,False,heavy_unseen,1,90001,185.0,4.0,181.0,0.021621621621621623,1277.8410408156706,1.0,5235.614423917809,48420.0,90001.0,10000.0,0.0,185.0,-662.3244292695647,1722.825826600891,0.0,179.0,179.0,2.0,179.0,5.111364163262682,210.5,2.5,27.21683913237895,52.35614423917811,3.675333996158086,-2.555682081631341,-631.5,-10.0,-8.165051739713682,-10.471228847835619,0.3675333996158088,1277.8410408156706,1527.5513449528507,1722.825826600891,1724.6040911999728,1725.0486573497433,779.9378775380875,0.021621621621621623,0.0,0.9675675675675676,0.010810810810810811,0.9675675675675676,0.021621621621621623,48.42,0.08261049153242461,0.08261049153242461,5235.614423917809,28.300618507663835,108.12917025852559,0.6666666666666666,0.5340236686390532,0.5,0.0,1.0,1.0,2.0,0.15380625476735316,0.0,0.02506988210153519,0.012131891637405736,0.0011868232518186762,0.034450301186182336,0.057171513327971914,0.0,0.0,0.02404975976251813,0.0,0.014854687713303963,0.0,0.0988144977701574,0.0,0.019929283195257993,0.0,2.0
PPO,heavy,unseen,False,heavy_unseen,1,90001,185.0,4.0,181.0,0.021621621621621623,1250.3410408156706,1.0,5168.081973256373,47760.0,90001.0,10000.0,0.0,185.0,-658.9517747488055,1722.825826600891,0.0,181.0,181.0,0.0,181.0,5.001364163262682,213.0,0.0,25.283343344283278,51.68081973256374,4.700742826234989,-2.500682081631341,-639.0,0.0,-7.585003003284978,-10.336163946512746,0.47007428262349876,1250.3410408156706,1472.5513449528507,1722.825826600891,1724.6040911999728,1725.0486573497433,752.4378775380875,0.021621621621621623,0.0,0.9783783783783784,0.0,0.9783783783783784,0.021621621621621623,47.76,0.08375209380234507,0.08375209380234507,5168.081973256373,27.935578233818234,108.20942155059409,0.6666666666666666,0.6173469387755101,0.5,1.0,0.0,1.0,2.0,0.15380625476735316,0.0,0.02762204879791408,0.013382559489553088,0.0012729081868539105,0.0356778388758892,0.050940614528404225,0.0,0.0,0.020606547147289957,0.0,0.0052282474278592915,0.0,0.0988144977701574,0.0,0.03302434209945142,0.0,0.0
FIFO,burst,normal,True,burst_normal,0,90000,172.0,3.0,169.0,0.01744186046511628,1055.4779985779744,1.0,12180.71721340491,113650.0,90000.0,10000.0,0.0,172.0,-603.3840846029339,1956.1100908773883,0.0,169.0,169.0,0.0,169.0,3.1664339957339234,177.5,0.0,150.26986808697902,121.80717213404911,1.4152724783660926,-1.5832169978669617,-532.5,0.0,-45.08096042609363,-24.361434426809822,0.1415272478366094,1055.4779985779744,807.7754341158109,1956.1100908773883,2058.1842825895287,2083.7028305175636,586.3554648164823,0.01744186046511628,0.0,0.9825581395348837,0.0,0.9825581395348837,0.01744186046511628,113.65,0.026396832380114386,0.026396832380114386,12180.71721340491,70.81812333374948,107.17745018394113,0.25,0.25,1.0,3.0,0.0,0.0,0.0,0.11451275616896696,0.0,0.008642595546709559,0.005863133612238737,0.000591720157757656,0.0243252987187754,0.024325298718775416,0.0,0.0,0.05617687105361214,0.0,0.0,0.0,0.0,0.0,0.0,0.0,0.0
RoundRobin,burst,normal,True,burst_normal,0,90000,172.0,37.0,135.0,0.21511627906976744,970.1709807866889,1.0,5959.961307626907,53740.0,90000.0,10000.0,0.0,172.0,-504.18256280084296,1782.3020189109309,0.0,135.0,135.0,0.0,135.0,35.89632628910749,153.0,0.0,57.493610335038824,59.599613076269065,19.336060594760742,-17.948163144553746,-459.0,0.0,-17.248083100511657,-11.919922615253814,1.9336060594760731,970.1709807866889,876.4858920767183,1782.3020189109309,1996.2417059319625,2032.4018024683326,435.03140766748703,0.21511627906976744,0.0,0.7848837209302325,0.0,0.7848837209302325,0.21511627906976744,53.74,0.6885001860811314,0.6885001860811314,5959.961307626907,34.65093783504016,110.90363430641807,0.5791032148900169,0.8606767322728498,0.5945945945945946,5.0,9.0,1.0,22.0,0.7424139895957067,0.0,0.10256171882777448,0.047589441424105594,0.0008253751049748178,0.028729342230110626,0.09625023690202633,0.0015333333333333334,2.0,0.055763215207948955,0.0,0.10857305397870036,0.0,0.0606270152765822,0.092,0.12114278052563111,0.0,0.0
Random,burst,normal,True,burst_normal,0,90000,172.0,41.0,131.0,0.23837209302325582,891.5902675960679,1.0,5200.608452778253,46450.0,90000.0,10000.0,0.0,172.0,-466.0921140275923,1635.3253723974285,0.0,131.0,131.0,0.0,131.0,36.555200971438786,140.5,0.0,60.542372538024686,52.00608452778253,22.494151250909045,-18.277600485719393,-421.5,0.0,-18.1627117614074,-10.401216905556506,2.249415125090906,891.5902675960679,852.1472494435857,1635.3253723974285,1778.6659477292324,1790.0656434485463,361.96421781075037,0.23837209302325582,0.0,0.7616279069767442,0.0,0.7616279069767442,0.23837209302325582,46.45,0.882669537136706,0.882669537136706,5200.608452778253,30.236095655687517,111.96143063031761,0.5408622908622909,0.7458677685950413,0.5853658536585366,2.0,14.0,1.0,24.0,0.815994291699215,0.0,0.10871546120682847,0.05124203013473558,0.00280346124513039,0.052947721812466965,0.0961291148182198,0.0,0.0,0.026684301720506943,0.0,0.14529112864154634,0.0,0.03336667032856518,0.0,0.12423353455883428,0.0,0.0
Greedy,burst,normal,True,burst_normal,0,90000,172.0,44.0,128.0,0.2558139534883721,966.5789446016047,0.9772727272727273,2795.7358298569375,23720.0,90000.0,10000.0,0.0,172.0,-466.79416789575384,2062.363274329407,1.0,128.0,129.0,0.0,128.0,42.5294735624706,146.0,0.0,15.05620841222044,27.957358298569385,25.789030688613735,-21.2647367812353,-438.0,0.0,-4.516862523666129,-5.591471659713873,2.578903068861377,966.5789446016049,911.1028159012521,2062.363274329407,2143.105327033241,2150.2143880878302,436.22115098317704,0.25,0.005813953488372093,0.7441860465116279,0.0,0.75,0.2558139534883721,23.72,1.854974704890388,1.812816188870152,2795.7358298569375,16.25427808056359,117.86407377137174,0.663013698630137,0.7477843426883308,0.4772727272727273,8.0,15.0,0.0,21.0,0.7860410775662968,0.0,0.12336417921941487,0.05434172013228251,0.003488856770187806,0.05906654527046428,0.10583251504306307,0.0,0.0,0.1656101270995096,0.0,0.13261805982256625,0.0,0.008850091506566418,0.0,0.12219862414275708,0.0,0.0
ECT,burst,normal,True,burst_normal,0,90000,172.0,46.0,126.0,0.26744186046511625,971.1302168807767,0.9565217391304348,1872.158448596087,14960.0,90000.0,10000.0,0.0,172.0,-467.465323737645,1656.0617051702354,2.0,126.0,128.0,0.0,126.0,44.67198997651573,145.0,0.0,29.436857308667356,18.721584485960875,24.46045340405424,-22.335994988257866,-435.0,0.0,-8.831057192600205,-3.744316897192177,2.44604534040543,971.1302168807767,871.6298261586189,1656.0617051702354,2322.1987245590562,2330.2143880878302,452.5458851582548,0.2558139534883721,0.011627906976744186,0.7325581395348837,0.0,0.7441860465116279,0.26744186046511625,14.96,3.0748663101604277,2.941176470588235,1872.158448596087,10.884642143000507,125.14428132326785,0.6435523114355232,0.8602389078498295,0.5,6.0,16.0,1.0,23.0,0.7411934925574142,0.0,0.13049896074197279,0.05802770377281694,0.0005866026350079197,0.02421988098665887,0.13735671291527796,0.0,0.0,0.11008789669881232,0.0,0.165438247704835,0.0,0.10385612967450163,0.0,0.11845026262569666,0.0,0.0
PPO,burst,normal,True,burst_normal,0,90000,172.0,46.0,126.0,0.26744186046511625,968.304129924255,0.9565217391304348,1897.6416395916997,15260.0,90000.0,10000.0,0.0,172.0,-467.13303621423006,1656.0617051702354,2.0,126.0,128.0,0.0,126.0,44.54198997651574,145.0,0.0,28.224446217571757,18.976416395916996,24.00575918482769,-22.27099498825787,-435.0,0.0,-8.467333865271524,-3.7952832791833986,2.4005759184827764,968.304129924255,871.6298261586189,1656.0617051702354,2355.1987245590562,2390.2143880878302,449.7197982017331,0.2558139534883721,0.011627906976744186,0.7325581395348837,0.0,0.7441860465116279,0.26744186046511625,15.26,3.014416775884666,2.8833551769331587,1897.6416395916997,11.0328002301843,124.35397376092396,0.6942257217847769,0.9532217108395493,0.4782608695652174,7.0,15.0,2.0,22.0,0.7411934925574142,0.0,0.12781293060023236,0.05720127457708712,0.0003468700060598181,0.01862444646317893,0.12436700642761118,0.0007333333333333333,2.0,0.11580436062403457,0.0,0.15042377174152824,0.0,0.0987289264593625,0.044,0.12158922718824601,0.0,0.0
FIFO,burst,normal,True,burst_normal,1,90001,181.0,3.0,178.0,0.016574585635359115,1099.5008758043177,1.0,13279.186887475515,123870.0,90001.0,10000.0,0.0,181.0,-638.5477627667537,1564.088449656916,0.0,178.0,178.0,0.0,178.0,3.2985026274129536,188.0,0.0,154.7784243214565,132.79186887475512,0.9338961834066534,-1.6492513137064768,-564.0,0.0,-46.433527296436864,-26.558373774951026,0.09338961834066536,1099.5008758043177,864.5803622935241,1564.088449656916,1626.2669463114398,1641.8115704750708,570.0983240303847,0.016574585635359115,0.0,0.9834254143646409,0.0,0.9834254143646409,0.016574585635359115,123.87,0.02421893921046258,0.02421893921046258,13279.186887475515,73.36567341146693,107.2026066640471,0.25,0.25,1.0,3.0,0.0,0.0,0.0,0.19870235198702352,0.0,0.0098780116915991,0.003877376056995514,0.0007729778639771848,0.027802479457364675,0.027802479457364603,0.0,0.0,0.06420707599539414,0.0,0.0,0.0,0.0,0.0,0.0,0.0,0.0
RoundRobin,burst,normal,True,burst_normal,1,90001,181.0,29.0,152.0,0.16022099447513813,1017.0622525121155,1.0,6117.83920615929,55510.0,90001.0,10000.0,0.0,181.0,-546.3370062217109,1718.0450436496958,0.0,152.0,152.0,0.0,152.0,29.49480532285134,167.0,0.0,67.28284318497144,61.1783920615929,18.30927807524632,-14.74740266142567,-501.0,0.0,-20.184852955491422,-12.235678412318583,1.830927807524634,1017.0622525121156,891.8115704750708,1718.0450436496958,2044.3301582043505,2163.739417680931,477.05866660916115,0.16022099447513813,0.0,0.8397790055248618,0.0,0.8397790055248618,0.16022099447513813,55.51,0.5224283912808503,0.5224283912808503,6117.83920615929,33.80021660861486,110.2114791237487,0.4130648330058939,0.569467554076539,0.7586206896551724,3.0,4.0,0.0,22.0,0.7642399819713735,0.0,0.09060185792222718,0.035987628508612014,0.002366066296736394,0.04864222750590678,0.08236299664102618,0.0,0.0,0.06020353912281986,0.0,0.05886937506811346,0.0,0.0,0.0,0.13698992907847662,0.0,0.0
Random,burst,normal,True,burst_normal,1,90001,181.0,35.0,146.0,0.19337016574585636,1037.5397901202339,1.0,5690.541175200591,51400.0,90001.0,10000.0,0.0,181.0,-530.6673209576921,1933.244819706034,0.0,146.0,146.0,0.0,146.0,36.31389265420818,161.0,0.0,67.43952373660925,56.905411752005904,21.02564840796067,-18.15694632710409,-483.0,0.0,-20.231857120982774,-11.381082350401186,2.1025648407960675,1037.5397901202339,989.3051927751076,1933.244819706034,2055.3186793105933,2077.277776693145,495.04486309125787,0.19337016574585636,0.0,0.8066298342541437,0.0,0.8066298342541437,0.19337016574585636,51.4,0.6809338521400778,0.6809338521400778,5690.541175200591,31.4394540066331,110.71091780545898,0.47043010752688175,0.6181696028665273,0.6571428571428571,0.0,11.0,1.0,23.0,0.7519011469504361,0.0,0.0973938526224105,0.04799901091178035,0.0017675930931525684,0.042042753158571436,0.08719401027968977,0.0,0.0,0.041866891805899566,0.0,0.08755555380577429,0.0,0.026741089998192497,0.0,0.13423716587637463,0.0,0.0
Greedy,burst,normal,True,burst_normal,1,90001,181.0,27.0,154.0,0.14917127071823205,1153.2159306344984,1.0,2985.8542966503346,26320.0,90001.0,10000.0,0.0,181.0,-527.0025817397553,2315.349893581344,0.0,154.0,154.0,0.0,154.0,31.136830127131454,168.0,0.0,11.268172579878174,29.85854296650335,19.179936910744953,-15.568415063565727,-504.0,0.0,-3.3804517739634483,-5.9717085933006695,1.9179936910744997,1153.2159306344984,999.9871599533853,2315.349893581344,2521.9587903607903,2585.151380792642,592.2147363647026,0.14917127071823205,0.0,0.850828729281768,0.0,0.850828729281768,0.14917127071823205,26.32,1.0258358662613982,1.0258358662613982,2985.8542966503346,16.496432578178645,113.44431218276347,0.5749211356466877,0.6275100401606426,0.48148148148148145,2.0,13.0,0.0,12.0,0.6608205858895415,0.0,0.0847156427687438,0.04067180955142654,0.0024821775584316025,0.0498214568076005,0.08314662026560674,0.0,0.0,0.03875446918427508,0.0,0.1475714583252167,0.0,0.015663264502575575,0.0,0.06964088663694613,0.0,0.0
ECT,burst,normal,True,burst_normal,1,90001,181.0,30.0,151.0,0.16574585635359115,1051.7577927005566,1.0,2098.1428451558654,18040.0,90001.0,10000.0,0.0,181.0,-522.3148042217572,2104.691157371828,0.0,151.0,151.0,0.0,151.0,31.5527337810167,165.0,0.0,30.70488125237206,20.981428451558656,18.693127347744024,-15.77636689050835,-495.0,0.0,-9.211464375711623,-4.196285690311731,1.869312734774402,1051.7577927005566,860.613539594669,2104.691157371828,2592.1060438943605,2755.151380792642,512.4725136042263,0.16574585635359115,0.0,0.8342541436464088,0.0,0.8342541436464088,0.16574585635359115,18.04,1.6629711751662972,1.6629711751662972,2098.1428451558654,11.591949420750638,116.30503576252026,0.5357142857142857,0.8415852103697405,0.6333333333333333,3.0,7.0,1.0,19.0,0.6900248119268401,0.0,0.08387057201400282,0.03934403223866824,0.0006968049428231014,0.02639706314768939,0.0816741575837238,0.0,0.0,0.05742637464612298,0.0,0.05941388078357484,0.0,0.04781498320796774,0.0,0.11499903009125394,0.0,0.0
PPO,burst,normal,True,burst_normal,1,90001,181.0,31.0,150.0,0.1712707182320442,1064.4385268365813,0.967741935483871,2203.6819001700183,18880.0,90001.0,10000.0,0.0,181.0,-523.4542679469472,2051.579779117743,1.0,150.0,151.0,0.0,150.0,32.99759433193402,165.0,0.0,31.74197427079998,22.03681900170018,19.744853005998316,-16.49879716596701,-495.0,0.0,-9.522592281239987,-4.407363800340034,1.9744853005998284,1064.438526836581,909.4155087142672,2051.579779117743,2544.483790897867,2695.151380792642,523.2769436469009,0.16574585635359115,0.0055248618784530384,0.8287292817679558,0.0,0.8342541436464088,0.1712707182320442,18.88,1.641949152542373,1.5889830508474576,2203.6819001700183,12.175038122486288,116.72043962764928,0.567966903073286,0.8608270676691727,0.6129032258064516,2.0,7.0,3.0,19.0,0.6667084423848163,0.0,0.08678531053888995,0.039824879508800204,0.0006791353051994002,0.026060224580755253,0.0990976126092678,0.0009166666666666666,2.0,0.04284651271278277,0.0,0.06876866552350822,0.0,0.09256603496290469,0.055,0.11247921908717767,0.0,0.0
FIFO,burst,congested,True,burst_congested,0,90000,172.0,1.0,171.0,0.005813953488372093,1087.7754341158109,1.0,31669.0287675996,295910.0,90000.0,10000.0,0.0,172.0,-645.827779190706,1087.7754341158109,0.0,171.0,171.0,0.0,171.0,1.0877754341158108,179.0,0.0,150.10026608162954,316.69028767599605,0.8424588603998033,-0.5438877170579054,-537.0,0.0,-45.0300798244888,-63.338057535199205,0.08424588603998037,1087.7754341158109,1087.7754341158109,1087.7754341158109,1087.7754341158109,1087.7754341158109,477.44830959549506,0.005813953488372093,0.0,0.9941860465116279,0.0,0.9941860465116279,0.005813953488372093,295.91,0.003379405900442702,0.003379405900442702,31669.0287675996,184.12226027674186,107.02250267851576,0.25,0.25,1.0,1.0,0.0,0.0,0.0,0.06666666666666667,0.0,0.002949534724798737,0.0018896274627549067,6.891837237572399e-05,0.00830170900331516,0.008301709003315151,0.0,0.0,0.01917197571119179,0.0,0.0,0.0,0.0,0.0,0.0,0.0,0.0
RoundRobin,burst,congested,True,burst_congested,0,90000,172.0,4.0,168.0,0.023255813953488372,1133.020171959252,1.0,15582.231466544737,145270.0,90000.0,10000.0,0.0,172.0,-583.5498700031569,1868.8547271040086,0.0,168.0,168.0,0.0,168.0,4.5320806878370075,177.0,0.0,65.08680652174773,155.82231466544738,4.066752303754351,-2.2660403439185037,-531.0,0.0,-19.526041956524313,-31.164462933089474,0.40667523037543507,1133.020171959252,942.3423318740365,1868.8547271040086,1991.9529149823732,2022.7274619519644,644.8677872898106,0.023255813953488372,0.0,0.9767441860465116,0.0,0.9767441860465116,0.023255813953488372,145.27,0.027534934948716182,0.027534934948716182,15582.231466544737,90.59436899153917,107.26393244678692,0.6666666666666666,0.6926229508196721,0.5,1.0,1.0,0.0,2.0,0.26539278131634825,0.0,0.022282444705819082,0.010584661148125389,4.7212313782389945e-05,0.006871121726646235,0.029007905852663145,0.0,0.0,0.013902508682588908,0.0,0.014794526372583754,0.0,0.017182121140717637,0.0,0.0309177561965696,0.0,0.0
Random,burst,congested,True,burst_congested,0,90000,172.0,10.0,162.0,0.05813953488372093,1366.0262035265364,1.0,13892.886930466157,129370.0,90000.0,10000.0,0.0,172.0,-572.0447971056806,2381.0068901884783,0.0,162.0,162.0,0.0,162.0,13.660262035265362,171.0,0.0,83.90933145964287,138.92886930466156,7.439072107772304,-6.830131017632681,-513.0,0.0,-25.172799437892834,-27.785773860932313,0.7439072107772291,1366.0262035265362,1310.7569558334894,2381.0068901884783,2472.119314531533,2494.897420617296,771.5604609998434,0.05813953488372093,0.0,0.9418604651162791,0.0,0.9418604651162791,0.05813953488372093,129.37,0.07729767334003246,0.07729767334003246,13892.886930466157,80.77259843294277,107.38878357011792,0.46296296296296297,0.6808510638297872,0.7,0.0,2.0,1.0,7.0,0.3099587058830368,0.0,0.029684876666168123,0.017554569855160677,0.00020379647906786736,0.01427573042151845,0.03090419844993097,0.0,0.0,0.003957084601344722,0.0,0.022734819631003354,0.0,0.03336667032856518,0.0,0.04228054643415292,0.0,0.0
Greedy,burst,congested,True,burst_congested,0,90000,172.0,5.0,167.0,0.029069767441860465,1884.1821000400673,1.0,5129.7563850998695,47590.0,90000.0,10000.0,0.0,172.0,-545.7314586206371,2686.6585025973495,0.0,167.0,167.0,0.0,167.0,9.420910500200337,176.5,0.0,5.7334027322251035,51.29756385099869,4.585302193304055,-4.710455250100169,-529.5,0.0,-1.7200208196675297,-10.259512770199738,0.4585302193304061,1884.1821000400676,2241.807352997702,2686.6585025973495,2765.2496370133067,2784.897420617296,1188.0779989088237,0.029069767441860465,0.0,0.9709302325581395,0.0,0.9709302325581395,0.029069767441860465,47.59,0.10506408909434754,0.10506408909434754,5129.7563850998695,29.824165029650406,107.79063637528617,0.6944444444444444,0.6173469387755101,0.4,0.0,2.0,1.0,2.0,0.2169844747845288,0.0,0.0207736186518919,0.009967358701034138,0.0002417164183882335,0.015547231856129036,0.03687367545539597,0.0006166666666666666,1.0,0.0024886405469091884,0.0,0.028479649286095223,0.0,0.045103067994383725,0.037,0.01767634937366861,0.0,0.0
ECT,burst,congested,True,burst_congested,0,90000,172.0,5.0,167.0,0.029069767441860465,1146.0788094279565,1.0,8254.14410191857,76830.0,90000.0,10000.0,0.0,172.0,-553.6742890797163,1876.4284874523503,0.0,167.0,167.0,0.0,167.0,5.730394047139781,176.0,0.0,22.507965779496214,82.5414410191857,4.515858815395402,-2.8651970235698907,-528.0,0.0,-6.752389733848862,-16.508288203837143,0.45158588153953977,1146.0788094279565,1273.7028305175636,1876.4284874523503,1993.4676670520416,2022.7274619519644,584.9843393996694,0.029069767441860465,0.0,0.9709302325581395,0.0,0.9709302325581395,0.029069767441860465,76.83,0.06507874528179097,0.06507874528179097,8254.14410191857,47.9892098948754,107.43386830559118,0.5681818181818182,0.6944444444444444,0.6,1.0,1.0,0.0,3.0,0.13148253068932955,0.0,0.018660755938779364,0.010537097874678159,9.690848239601879e-05,0.0098442106029899,0.022279802822279076,0.0,0.0,0.024379711065254637,0.0,0.01324163066603608,0.0,0.0,0.0,0.023477313734913026,0.0,0.0
PPO,burst,congested,True,burst_congested,0,90000,172.0,5.0,167.0,0.029069767441860465,1146.0788094279565,1.0,6647.779788135592,61840.0,90000.0,10000.0,0.0,172.0,-550.6764971673168,1876.4284874523503,0.0,167.0,167.0,0.0,167.0,5.730394047139781,176.0,0.0,23.184891750459194,66.47779788135593,4.397269576619488,-2.8651970235698907,-528.0,0.0,-6.9554675251377605,-13.295559576271184,0.43972695766194847,1146.0788094279565,1273.7028305175636,1876.4284874523503,1993.4676670520416,2022.7274619519644,584.9843393996694,0.029069767441860465,0.0,0.9709302325581395,0.0,0.9709302325581395,0.029069767441860465,61.84,0.08085381630012936,0.08085381630012936,6647.779788135592,38.64988248916042,107.4996731587256,0.5681818181818182,0.6944444444444444,0.6,1.0,1.0,0.0,3.0,0.13148253068932955,0.0,0.01806780974489978,0.010328414823578264,8.481400878200501e-05,0.009209452143423355,0.018113202234951296,0.0,0.0,0.011413868135679725,0.0,0.014160411137010994,0.0,0.0,0.0,0.025902024310715626,0.0,0.0
FIFO,burst,congested,True,burst_congested,1,90001,181.0,0.0,181.0,0.0,0.0,0.0,34452.860954206255,321910.0,90001.0,10000.0,0.0,181.0,-688.8520214830029,0.0,0.0,181.0,181.0,0.0,181.0,0.0,191.0,0.0,156.5372179428894,344.5286095420625,0.148658082764131,0.0,-573.0,0.0,-46.96116538286674,-68.9057219084125,0.0148658082764131,,,,,,,0.0,0.0,1.0,0.0,1.0,0.0,321.91,0.0,0.0,34452.860954206255,190.34729808953733,107.02637679539701,,,,0.0,0.0,0.0,0.0,,0.0,0.0036284890044630492,0.0012758270414891522,0.00010429887117098734,0.010212681879456901,0.010212681879456894,0.0,0.0,0.02358517852900982,0.0,0.0,0.0,0.0,0.0,0.0,0.0,0.0
RoundRobin,burst,congested,True,burst_congested,1,90001,181.0,9.0,172.0,0.049723756906077346,1085.2986271845348,1.0,15466.795740539716,144040.0,90001.0,10000.0,0.0,181.0,-604.6355563128975,1824.6181528658767,0.0,172.0,172.0,0.0,172.0,9.767687644660814,182.5,0.0,73.31272718890868,154.66795740539715,6.756971471849492,-4.883843822330407,-547.5,0.0,-21.9938181566726,-30.93359148107943,0.67569714718495,1085.298627184535,1038.2083767967672,1824.6181528658767,2084.3677847932613,2149.3051927751076,522.0832518500088,0.049723756906077346,0.0,0.9502762430939227,0.0,0.9502762430939227,0.049723756906077346,144.04,0.062482643710080533,0.062482643710080533,15466.795740539716,85.45191016872771,107.37847639919269,0.45,0.49,0.6666666666666666,0.0,3.0,0.0,6.0,0.5087123866010967,0.0,0.030391360438432588,0.01229041552341376,0.00027507649031703407,0.01658543006126263,0.026402275250251347,0.0,0.0,0.00990238927582631,0.0,0.036459228084685436,0.0,0.0,0.0,0.03824099913487155,0.0,0.0
Random,burst,congested,True,burst_congested,1,90001,181.0,10.0,171.0,0.055248618784530384,1163.6966429858398,0.9,13921.843169065309,129580.0,90001.0,10000.0,0.0,181.0,-600.7900697955265,2201.8157491494494,1.0,171.0,172.0,0.0,171.0,11.636966429858399,182.0,0.0,72.99639552630329,139.2184316906531,7.71018415424312,-5.818483214929199,-546.0,0.0,-21.898918657890995,-27.843686338130617,0.7710184154243119,1163.6966429858398,899.797148347986,2201.8157491494494,2216.549931503564,2220.2334770920925,652.6380068993199,0.049723756906077346,0.0055248618784530384,0.9447513812154696,0.0,0.9502762430939227,0.055248618784530384,129.58,0.07717240314863404,0.06945516283377064,13921.843169065309,76.91626060257077,107.4382093615165,0.4807692307692308,0.5,0.6,0.0,4.0,0.0,6.0,0.39668951733762353,0.0,0.031651520663136784,0.011528161967845202,0.0003744688176856399,0.01935119680241095,0.031094329807813945,0.0,0.0,0.0,0.0,0.043302613455188176,0.0,0.005348217999638501,0.0,0.038818516133397825,0.0,0.0
Greedy,burst,congested,True,burst_congested,1,90001,181.0,4.0,177.0,0.022099447513812154,1033.651468838307,1.0,8663.442807301632,80660.0,90001.0,10000.0,0.0,181.0,-584.4377829857456,1274.3475258938097,0.0,177.0,177.0,0.0,177.0,4.134605875353228,188.0,0.0,4.702335453916366,86.63442807301632,3.6710620270917724,-2.067302937676614,-564.0,0.0,-1.4107006361749064,-17.326885614603263,0.3671062027091774,1033.651468838307,1090.3418051168994,1274.3475258938097,1296.3187615588186,1301.8115704750708,542.3416180260755,0.022099447513812154,0.0,0.9779005524861878,0.0,0.9779005524861878,0.022099447513812154,80.66,0.049590875278948676,0.049590875278948676,8663.442807301632,47.86432490221896,107.40692793580004,0.4,0.3558823529411764,0.75,0.0,3.0,0.0,1.0,0.25668276823824465,0.0,0.018165798555317733,0.006695386104409812,0.00011563348330099931,0.010753301042052126,0.020694657098478203,0.0,0.0,0.01423980905761278,0.0,0.0303882304563567,0.0,0.0,0.0,0.014353806879746366,0.0,0.0
ECT,burst,congested,True,burst_congested,1,90001,181.0,7.0,174.0,0.03867403314917127,1137.4760514863776,1.0,12389.0254239878,115330.0,90001.0,10000.0,0.0,181.0,-591.6569503983712,1916.057106085096,0.0,174.0,174.0,0.0,174.0,7.962332360404643,184.5,0.0,32.89788202220946,123.89025423987799,4.716312364695783,-3.9811661802023215,-553.5,0.0,-9.86936460666283,-24.7780508479756,0.4716312364695776,1137.4760514863774,955.0139344024478,1916.057106085096,2126.6555754371047,2179.3051927751076,592.5517031716064,0.03867403314917127,0.0,0.9613259668508287,0.0,0.9613259668508287,0.03867403314917127,115.33,0.06069539582068846,0.06069539582068846,12389.0254239878,68.44765427617568,107.42240027735888,0.49,0.45,0.5714285714285714,0.0,4.0,0.0,3.0,0.3744466477624417,0.0,0.026901512097940936,0.009904958067688102,0.00018173987518062135,0.013481093248717678,0.033313424371352145,0.0,0.0,0.024705461667850006,0.0,0.036976179974560805,0.0,0.0,0.0,0.02540066900654815,0.0,0.0
PPO,burst,congested,True,burst_congested,1,90001,181.0,7.0,174.0,0.03867403314917127,1137.4760514863776,1.0,6366.46025217335,59060.0,90001.0,10000.0,0.0,181.0,-578.4013075522937,1916.057106085096,0.0,174.0,174.0,0.0,174.0,7.962332360404643,184.5,0.0,28.811606137277995,63.6646025217335,4.5626097343871965,-3.9811661802023215,-553.5,0.0,-8.643481841183402,-12.7329205043467,0.4562609734387191,1137.4760514863774,955.0139344024478,1916.057106085096,2126.6555754371047,2179.3051927751076,592.5517031716064,0.03867403314917127,0.0,0.9613259668508287,0.0,0.9613259668508287,0.03867403314917127,59.06,0.11852353538774127,0.11852353538774127,6366.46025217335,35.17381354791906,107.79648242758805,0.49,0.45,0.5714285714285714,0.0,4.0,0.0,3.0,0.3744466477624417,0.0,0.02590536388756238,0.009412925008657496,0.00016867742890129322,0.012987587493499061,0.032162053094851414,0.0,0.0,0.024705461667850006,0.0,0.03547420914492264,0.0,0.0,0.0,0.024243661770486726,0.0,0.0
FIFO,burst,unseen,False,burst_unseen,0,90000,172.0,2.0,170.0,0.011627906976744186,641.3655826081799,1.0,20614.724652585654,192590.0,90000.0,10000.0,0.0,172.0,-620.7122481754064,908.1344489650478,0.0,170.0,170.0,0.0,170.0,1.2827311652163598,178.0,0.0,149.72405812175674,206.14724652585653,0.7578414890000545,-0.6413655826081799,-534.0,0.0,-44.917217436526954,-41.22944930517131,0.07578414890000548,641.3655826081799,641.3655826081799,908.1344489650478,931.8472370856582,937.7754341158109,254.15851782689393,0.011627906976744186,0.0,0.9883720930232558,0.0,0.9883720930232558,0.011627906976744186,192.59,0.010384755179396646,0.010384755179396646,20614.724652585654,119.85305030573055,107.03943430388729,0.25,0.25,1.0,2.0,0.0,0.0,0.0,0.13241379310344828,0.0,0.003357462575330934,0.0020877477511412035,8.929977120292418e-05,0.009449855618099367,0.009449855618099353,0.0,0.0,0.02182350673965107,0.0,0.0,0.0,0.0,0.0,0.0,0.0,0.0
RoundRobin,burst,unseen,False,burst_unseen,0,90000,172.0,18.0,154.0,0.10465116279069768,1215.3358282299814,1.0,10285.472553109897,95240.0,90000.0,10000.0,0.0,172.0,-551.6750012717807,2127.1795641531035,0.0,154.0,154.0,0.0,154.0,21.87604490813967,167.0,0.0,67.55949520311286,102.85472553109898,11.018148494427624,-10.938022454069834,-501.0,0.0,-20.26784856093386,-20.570945106219796,1.1018148494427618,1215.3358282299814,1269.1013831537643,2127.1795641531035,2233.6074233008844,2260.2143880878302,652.0994721225187,0.10465116279069768,0.0,0.8953488372093024,0.0,0.8953488372093024,0.10465116279069768,95.24,0.1889962200755985,0.1889962200755985,10285.472553109897,59.79925902970871,107.9953019016159,0.5126582278481012,0.8595238095238096,0.6666666666666666,2.0,3.0,1.0,12.0,0.5415110820609281,0.0,0.04906538520839265,0.022527457440881152,0.00023559391743666503,0.015349068943641664,0.055120395202452,0.0006666666666666666,1.0,0.019304195090555067,0.0,0.045101529953137154,0.0,0.045103067994383725,0.04,0.06228873828684367,0.0,0.0
Random,burst,unseen,False,burst_unseen,0,90000,172.0,22.0,150.0,0.12790697674418605,1101.3166249057297,0.9090909090909091,9174.263925935116,84850.0,90000.0,10000.0,0.0,172.0,-532.3577099818342,1753.4746357834704,2.0,150.0,152.0,0.0,150.0,24.228965747926047,160.0,0.0,76.5179972058578,91.74263925935117,10.606999057563776,-12.114482873963023,-480.0,0.0,-22.955399161757352,-18.34852785187023,1.0606999057563742,1101.3166249057294,1039.1236076368784,1753.4746357834704,2067.43446392865,2150.755118241683,561.6169358003654,0.11627906976744186,0.011627906976744186,0.872093023255814,0.0,0.8837209302325582,0.12790697674418605,84.85,0.2592810842663524,0.23571007660577492,9174.263925935116,53.338743755436724,108.12332263918817,0.4618320610687023,0.6578947368421053,0.6818181818181818,0.0,6.0,1.0,15.0,0.6967446228951396,0.0,0.05363485052281108,0.030650675205740996,0.0005577086584670668,0.023615856081604724,0.05185878636022484,0.0,0.0,0.009892711503361807,0.0,0.07003909242334154,0.0,0.03336667032856518,0.0,0.0606574322946482,0.0,0.0
Greedy,burst,unseen,False,burst_unseen,0,90000,172.0,14.0,158.0,0.08139534883720931,1305.132341471007,1.0,4430.275719424107,40420.0,90000.0,10000.0,0.0,172.0,-531.0083069398119,2047.2396659981227,0.0,158.0,158.0,0.0,158.0,18.271852780594095,170.5,0.0,8.900648766942096,44.30275719424107,11.583655194160514,-9.135926390297048,-511.5,0.0,-2.670194630082628,-8.860551438848212,1.1583655194160547,1305.132341471007,1291.884236983055,2047.2396659981227,2050.719573421065,2051.5895502768008,746.9582819728699,0.08139534883720931,0.0,0.9186046511627907,0.0,0.9186046511627907,0.08139534883720931,40.42,0.34636318654131615,0.34636318654131615,4430.275719424107,25.75741697339597,109.6060296740254,0.7424242424242424,0.6662042175360708,0.35714285714285715,4.0,5.0,0.0,5.0,0.4493531865757086,0.0,0.0545740869494712,0.027580806827833388,0.000987969417949393,0.03143198081491831,0.06792502861513858,0.0003375,1.0,0.07658327671838466,0.027,0.07620689432258503,0.0,0.0,0.0,0.0419114999360027,0.0,0.0
ECT,burst,unseen,False,burst_unseen,0,90000,172.0,13.0,159.0,0.0755813953488372,1221.7526317017202,1.0,2760.6169082631245,25100.0,90000.0,10000.0,0.0,172.0,-529.6461981987263,1799.7212883172995,0.0,159.0,159.0,0.0,159.0,15.882784212122363,170.0,0.0,23.72357457202398,27.60616908263124,9.335000954683734,-7.941392106061182,-510.0,0.0,-7.1170723716071915,-5.521233816526248,0.9335000954683724,1221.7526317017205,1354.6107088091803,1799.7212883172995,1865.5099295573036,1881.9570898673048,654.4313911060252,0.0755813953488372,0.0,0.9244186046511628,0.0,0.9244186046511628,0.0755813953488372,25.1,0.5179282868525896,0.5179282868525896,2760.6169082631245,16.050098303855375,109.98473738100097,0.7412280701754386,1.0,0.46153846153846156,2.0,4.0,1.0,6.0,0.42715155941536176,0.0,0.04015500797748555,0.021554516952104,1.0841714308489758e-05,0.0032926758583999363,0.050291991597422814,0.0,0.0,0.03834260939897938,0.0,0.03978309169621366,0.0,0.033180315352952135,0.0,0.042169533795257765,0.0,0.0
PPO,burst,unseen,False,burst_unseen,0,90000,172.0,14.0,158.0,0.08139534883720931,1189.983630948949,0.9285714285714286,2809.193423167583,25560.0,90000.0,10000.0,0.0,172.0,-531.1164373756495,1786.2645037495763,1.0,158.0,159.0,0.0,158.0,16.659770833285283,170.0,0.0,26.983621228036466,28.091934231675836,9.26921255739249,-8.329885416642641,-510.0,0.0,-8.095086368410934,-5.618386846335166,0.9269212557392486,1189.983630948949,1238.065005035595,1786.2645037495763,1886.818572643759,1911.9570898673048,631.9472947380416,0.0755813953488372,0.005813953488372093,0.9186046511627907,0.0,0.9244186046511628,0.08139534883720931,25.56,0.5477308294209703,0.5086071987480438,2809.193423167583,16.33251990213711,109.9058459768225,0.5444444444444444,0.75,0.6428571428571429,1.0,2.0,2.0,9.0,0.4226412432863891,0.0,0.03992083394056017,0.02112515384927173,0.0008339427105474813,0.028878066253602945,0.058759308333221016,0.0,0.0,0.01546636008053309,0.0,0.010565348294511542,0.0,0.07765420861100576,0.0,0.061353753212860684,0.0,0.0
FIFO,burst,unseen,False,burst_unseen,1,90001,181.0,2.0,179.0,0.011049723756906077,1058.3455284689412,1.0,22971.371928369324,214590.0,90001.0,10000.0,0.0,181.0,-660.8796082103629,1126.9568789110658,0.0,179.0,179.0,0.0,179.0,2.1166910569378823,189.0,0.0,156.35182902339963,229.71371928369322,0.27029881864539534,-1.0583455284689411,-567.0,0.0,-46.905548707019804,-45.94274385673865,0.027029881864539536,1058.3455284689412,1058.3455284689412,1126.9568789110658,1133.0556656170324,1134.580362293524,577.3892876688382,0.011049723756906077,0.0,0.988950276243094,0.0,0.988950276243094,0.011049723756906077,214.59,0.009320098793047207,0.009320098793047207,22971.371928369324,126.91365706281395,107.04772789211671,0.25,0.25,1.0,2.0,0.0,0.0,0.0,0.13333333333333333,0.0,0.004379339202749515,0.0015505160640689212,0.00015193056577091484,0.012326011754453053,0.012326011754453052,0.0,0.0,0.028465704817871848,0.0,0.0,0.0,0.0,0.0,0.0,0.0,0.0
RoundRobin,burst,unseen,False,burst_unseen,1,90001,181.0,13.0,168.0,0.0718232044198895,1013.6781105951212,1.0,10079.097569216054,93490.0,90001.0,10000.0,0.0,181.0,-584.4378650715269,1561.371382338603,0.0,168.0,168.0,0.0,168.0,13.177815437736577,179.0,0.0,71.72231402259375,100.79097569216054,8.259319925516653,-6.588907718868288,-537.0,0.0,-21.516694206778123,-20.15819513843211,0.8259319925516665,1013.6781105951212,1081.8115704750708,1561.371382338603,1671.7184306878064,1699.3051927751076,474.93170714843404,0.0718232044198895,0.0,0.9281767955801105,0.0,0.9281767955801105,0.0718232044198895,93.49,0.13905230505936464,0.13905230505936464,10079.097569216054,55.68562192937046,107.80936537828703,0.6123188405797102,0.7458677685950414,0.5384615384615384,2.0,4.0,0.0,7.0,0.5995439263415607,0.0,0.040404889328383826,0.01598779363546024,0.0003553334873707157,0.018850291439941075,0.03804370712845952,0.0,0.0,0.031661773147666196,0.0,0.039234200606139635,0.0,0.0,0.0,0.05083386875818315,0.0,0.0
Random,burst,unseen,False,burst_unseen,1,90001,181.0,14.0,167.0,0.07734806629834254,1083.6704608893385,1.0,9392.04662554194,86900.0,90001.0,10000.0,0.0,181.0,-582.0240996734875,1857.1758885100478,0.0,167.0,167.0,0.0,167.0,15.171386452450742,178.5,0.0,70.60423480651467,93.92046625541938,10.269572457762072,-7.585693226225371,-535.5,0.0,-21.18127044195441,-18.78409325108388,1.0269572457762048,1083.670460889339,1002.3252781554136,1857.1758885100478,2149.776042616724,2222.9260811433937,560.1057645506627,0.07734806629834254,0.0,0.9226519337016574,0.0,0.9226519337016574,0.07734806629834254,86.9,0.16110471806674337,0.16110471806674337,9392.04662554194,51.88976036211017,108.07878740554591,0.46226415094339623,0.4959016393442623,0.6428571428571429,0.0,5.0,0.0,9.0,0.5212648938643263,0.0,0.049745817546886235,0.02009223335785914,0.0007389367733307797,0.027183391497949252,0.04812798682742299,0.0,0.0,0.0,0.0,0.06110714625199405,0.0,0.019864809712943,0.0,0.06373370556476698,0.0,0.0
Greedy,burst,unseen,False,burst_unseen,1,90001,181.0,13.0,168.0,0.0718232044198895,1209.8712151655852,0.9230769230769231,5058.287308246965,46580.0,90001.0,10000.0,0.0,181.0,-560.6511144298536,2340.7316850768857,1.0,168.0,169.0,0.0,168.0,15.728325797152607,180.5,0.0,6.508514528726982,50.58287308246965,7.821774438347186,-7.8641628985763035,-541.5,0.0,-1.952554358618093,-10.11657461649393,0.7821774438347217,1209.8712151655852,1081.8115704750708,2340.7316850768857,2593.625115225087,2656.848472762138,673.466626970342,0.06629834254143646,0.0055248618784530384,0.9281767955801105,0.0,0.9337016574585635,0.0718232044198895,46.58,0.279089738085015,0.25762129669386,5058.287308246965,27.946338719596493,108.59354461672316,0.65,0.7412280701754386,0.46153846153846156,2.0,5.0,0.0,6.0,0.5318829544880951,0.0,0.04009398244579897,0.017006409558417257,0.00047259518828575756,0.021739254547609436,0.042133414844057575,0.0,0.0,0.03421702065837946,0.0,0.061251466201373055,0.0,0.0,0.0,0.03463031094552256,0.0,0.0
ECT,burst,unseen,False,burst_unseen,1,90001,181.0,16.0,165.0,0.08839779005524862,1108.7336134330303,1.0,6743.253771446967,62160.0,90001.0,10000.0,0.0,181.0,-562.377723018217,1791.975684569677,0.0,165.0,165.0,0.0,165.0,17.739737814928485,177.5,0.0,28.68710054802108,67.43253771446967,10.847835965475365,-8.869868907464243,-532.5,0.0,-8.606130164406313,-13.486507542893937,1.0847835965475396,1108.7336134330303,958.9374761935851,1791.975684569677,2014.3848648766436,2069.9871599533853,586.3554880206877,0.08839779005524862,0.0,0.9116022099447514,0.0,0.9116022099447514,0.08839779005524862,62.16,0.2574002574002574,0.2574002574002574,6743.253771446967,37.25554569860203,108.48220353035663,0.5818181818181818,0.7305194805194806,0.5625,2.0,5.0,0.0,9.0,0.7017948492248913,0.0,0.049692335586260114,0.02092484647709554,0.0002552626395878432,0.015976940870762565,0.048435308971305636,0.0,0.0,0.02459899933950268,0.0,0.06200905007002142,0.0,0.028299439685743537,0.0,0.05341112066275782,0.0,0.0
PPO,burst,unseen,False,burst_unseen,1,90001,181.0,16.0,165.0,0.08839779005524862,1108.7336134330303,1.0,3451.933771447212,31400.0,90001.0,10000.0,0.0,181.0,-555.3664962876335,1791.975684569677,0.0,165.0,165.0,0.0,165.0,17.739737814928485,177.5,0.0,27.258478112741344,34.51933771447212,10.847835965475365,-8.869868907464243,-532.5,0.0,-8.177543433822406,-6.903867542894426,1.0847835965475396,1108.7336134330303,958.9374761935851,1791.975684569677,2014.3848648766436,2069.9871599533853,586.3554880206877,0.08839779005524862,0.0,0.9116022099447514,0.0,0.9116022099447514,0.08839779005524862,31.4,0.5095541401273885,0.5095541401273885,3451.933771447212,19.07145730081333,109.93419654290486,0.5818181818181818,0.7305194805194806,0.5625,2.0,5.0,0.0,9.0,0.7017948492248913,0.0,0.049692335586260114,0.02092484647709554,0.0002552626395878432,0.015976940870762565,0.048435308971305636,0.0,0.0,0.02459899933950268,0.0,0.06200905007002142,0.0,0.028299439685743537,0.0,0.05341112066275782,0.0,0.0
FIFO,variable,normal,True,variable_normal,0,90000,83.0,2.0,81.0,0.024096385542168676,1873.4179452408764,1.0,5660.275194281402,52700.0,90000.0,10000.0,0.0,83.0,-294.20341509683556,2556.9966283939193,0.0,81.0,81.0,0.0,81.0,3.7468358904817527,88.5,0.0,51.85707753828974,56.602751942814024,0.47676498455091687,-1.8734179452408763,-265.5,0.0,-15.557123261486936,-11.320550388562808,0.047676498455091705,1873.4179452408764,1873.4179452408764,2556.9966283939193,2617.759178007523,2632.949815410924,1176.9897669062398,0.024096385542168676,0.0,0.9759036144578314,0.0,0.9759036144578314,0.024096385542168676,52.7,0.03795066413662239,0.03795066413662239,5660.275194281402,68.19608667808919,107.40560140951426,0.25,0.25,1.0,2.0,0.0,0.0,0.0,0.13170731707317074,0.0,0.008908816796737058,0.0029150215404850034,0.0006287355855615145,0.025074600406816347,0.02507460040681634,0.0,0.0,0.057907309178790875,0.0,0.0,0.0,0.0,0.0,0.0,0.0,0.0
RoundRobin,variable,normal,True,variable_normal,0,90000,83.0,44.0,39.0,0.5301204819277109,787.4608920851578,1.0,3005.639681352783,25770.0,90000.0,10000.0,0.0,83.0,-170.2427555916508,1216.6760958061418,0.0,39.0,39.0,0.0,39.0,34.64827925174695,48.0,0.0,13.991388722490491,30.05639681352783,12.900800136753931,-17.324139625873475,-144.0,0.0,-4.197416616747148,-6.011279362705567,1.290080013675393,787.4608920851578,796.8102674019575,1216.6760958061418,2008.21497951012,2546.29405505906,290.7788991388719,0.5301204819277109,0.0,0.46987951807228917,0.0,0.46987951807228917,0.5301204819277109,25.77,1.7074117190531626,1.7074117190531626,3005.639681352783,36.212526281358834,116.63328216347625,0.7267267267267268,0.6954329031449692,0.38636363636363635,11.0,17.0,0.0,16.0,0.8380669520110917,0.0,0.12000113848185184,0.04625638030340566,0.0067941530777791675,0.08242665271487838,0.12173889011322221,0.0,0.0,0.23192144817506952,0.0,0.14831523357717377,0.0,0.008392644481673235,0.0,0.08241972085392776,0.0,0.0
Random,variable,normal,True,variable_normal,0,90000,83.0,33.0,50.0,0.39759036144578314,717.8111415321956,1.0,2330.10179239436,20180.0,90000.0,10000.0,0.0,83.0,-198.52149660043295,1310.4317766253616,0.0,50.0,50.0,0.0,50.0,23.68776767056245,59.5,0.0,15.448796311299432,23.301017923943597,11.172297130267983,-11.843883835281225,-178.5,0.0,-4.6346388933898295,-4.66020358478872,1.1172297130267976,717.8111415321956,707.7069867694408,1310.4317766253616,1743.2765375096512,1906.5624116040472,279.79037247534694,0.39759036144578314,0.0,0.6024096385542169,0.0,0.6024096385542169,0.39759036144578314,20.18,1.6352824578790883,1.6352824578790883,2330.10179239436,28.073515571016387,115.46589655076116,0.5707547169811321,0.7246575342465752,0.5757575757575758,4.0,10.0,0.0,19.0,0.9203185837152698,0.2,0.08620610841401917,0.03364489124437853,0.0021364812150766717,0.046222085793229534,0.08328493526119543,0.0,0.0,0.10849303504890709,0.0,0.1173449551344329,0.0,0.0,0.0,0.07238558645778391,0.0,0.0
Greedy,variable,normal,True,variable_normal,0,90000,83.0,38.0,45.0,0.4578313253012048,801.488026059952,1.0,1690.8204583554739,13540.0,90000.0,10000.0,0.0,83.0,-184.9495611528627,1434.3359936142558,0.0,45.0,45.0,0.0,45.0,30.456544990278168,55.0,0.0,8.810395006190472,16.908204583554735,13.034707608445244,-15.228272495139084,-165.0,0.0,-2.6431185018571406,-3.3816409167109467,1.3034707608445242,801.4880260599521,807.1706765482063,1434.3359936142558,1701.3592509551509,1809.1351603031635,318.0454598845528,0.4578313253012048,0.0,0.5421686746987951,0.0,0.5421686746987951,0.4578313253012048,13.54,2.806499261447563,2.806499261447563,1690.8204583554739,20.371330823559926,124.87595704250177,0.5519877675840978,0.7173135852911134,0.6052631578947368,5.0,10.0,0.0,23.0,0.8510480688515019,0.2,0.11833622868251693,0.04914299517309561,0.0007568246014209142,0.027510445314842036,0.10173000017625429,0.00023749999999999997,1.0,0.1355551716674284,0.007,0.10442392055043806,0.0,0.06615051967561392,0.009,0.13056907127674955,0.0,0.0
ECT,variable,normal,True,variable_normal,0,90000,83.0,53.0,30.0,0.6385542168674698,813.7926710200702,0.9811320754716981,1425.0995649316756,10230.0,90000.0,10000.0,0.0,83.0,-157.2994650186271,1430.601551962118,1.0,30.0,31.0,0.0,30.0,43.131011564063726,43.5,0.0,13.338338259112438,14.250995649316755,16.17741371001815,-21.565505782031863,-130.5,0.0,-4.001501477733731,-2.850199129863351,1.6177413710018154,813.7926710200704,789.3491613746514,1430.601551962118,1614.9714297859935,1686.2940550590602,329.6234291820491,0.6265060240963856,0.012048192771084338,0.3614457831325301,0.0,0.37349397590361444,0.6385542168674698,10.23,5.180840664711632,5.083088954056696,1425.0995649316756,17.16987427628525,139.305920325677,0.5649637972646823,0.8031145717463851,0.5849056603773585,5.0,16.0,1.0,31.0,0.8888499606767096,0.4,0.1595527793982024,0.06416419544339903,0.0033879038607860026,0.0582057029919406,0.11756205667913154,2.5e-05,1.0,0.1399615540867854,0.002,0.17019060212126666,0.0,0.03336667032856518,0.0,0.18002232419823805,0.0,0.0
PPO,variable,normal,True,variable_normal,0,90000,83.0,53.0,30.0,0.6385542168674698,801.6834006615101,1.0,1411.1750752960259,10100.0,90000.0,10000.0,0.0,83.0,-154.05735781644702,1487.917815344614,0.0,30.0,30.0,0.0,30.0,42.48922023506004,42.5,0.0,13.743320282598575,14.111750752960257,16.32598536454598,-21.24461011753002,-127.5,0.0,-4.122996084779573,-2.822350150592051,1.6325985364545987,801.6834006615102,779.871464539071,1487.917815344614,1690.3598110124585,1694.7643799619736,321.25087125959874,0.6385542168674698,0.0,0.3614457831325301,0.0,0.3614457831325301,0.6385542168674698,10.1,5.247524752475248,5.247524752475248,1411.1750752960259,17.002109340915975,139.72030448475505,0.5760869565217391,0.7773421519159961,0.5471698113207547,4.0,19.0,1.0,29.0,0.9003075021369222,0.4,0.1593533217015146,0.06423418968518055,0.0047356635005361076,0.06881615726365507,0.12933298228201376,0.0,0.0,0.08892771598910112,0.0,0.20425195804050797,0.0,0.030530736697939095,0.0,0.17436653021358606,0.0,0.0
FIFO,variable,normal,True,variable_normal,1,90001,85.0,2.0,83.0,0.023529411764705882,1230.7436989256964,1.0,5360.875734363169,49980.0,90001.0,10000.0,0.0,85.0,-291.3007302614209,1862.5810551504487,0.0,83.0,83.0,0.0,83.0,2.4614873978513927,87.5,0.0,56.314958123663764,53.608757343631694,0.4625234333031577,-1.2307436989256963,-262.5,0.0,-16.894487437099144,-10.721751468726337,0.046252343330315776,1230.7436989256964,1230.7436989256964,1862.5810551504487,1918.74437570376,1932.7852058420879,781.0039243433966,0.023529411764705882,0.0,0.9764705882352941,0.0,0.9764705882352941,0.023529411764705882,49.98,0.040016006402561026,0.040016006402561026,5360.875734363169,63.06912628662551,107.26041885480531,0.25,0.25,1.0,2.0,0.0,0.0,0.0,0.13066666666666663,0.0,0.005616275414250527,0.0025672699646873544,0.00024987613454778855,0.015807470846020515,0.0158074708460205,0.0,0.0,0.03650579019262842,0.0,0.0,0.0,0.0,0.0,0.0,0.0,0.0
RoundRobin,variable,normal,True,variable_normal,1,90001,85.0,37.0,48.0,0.43529411764705883,877.2052914017452,1.0,2723.143274898024,23290.0,90001.0,10000.0,0.0,85.0,-191.9235063974532,1378.9826586944534,0.0,48.0,48.0,0.0,48.0,32.45659578186458,55.5,0.0,15.88881948345545,27.23143274898024,10.177238883117958,-16.22829789093229,-166.5,0.0,-4.766645845036635,-5.446286549796048,1.0177238883117958,877.2052914017452,848.182404488425,1378.9826586944534,1730.2104503985388,1852.512150461542,314.49616638621876,0.43529411764705883,0.0,0.5647058823529412,0.0,0.5647058823529412,0.43529411764705883,23.29,1.5886646629454702,1.5886646629454702,2723.143274898024,32.036979704682636,116.92328359373225,0.6122540250447227,0.8129453681710214,0.4864864864864865,3.0,15.0,1.0,18.0,0.7112131768419735,0.0,0.11420727257758378,0.046362603275955275,0.002051065134021491,0.04528868660075594,0.0994862707662746,0.0,0.0,0.04803342286170457,0.0,0.1614025081820565,0.0,0.05984596907943578,0.0,0.11386194932958638,0.0,0.0
Random,variable,normal,True,variable_normal,1,90001,85.0,38.0,47.0,0.4470588235294118,907.6368542075296,0.9736842105263158,3005.5062290359892,25900.0,90001.0,10000.0,0.0,85.0,-184.50115389488917,1899.3360748706768,1.0,47.0,48.0,0.0,47.0,34.49020045988612,52.5,0.0,15.727756914762066,30.055062290359892,9.732858675544735,-17.24510022994306,-157.5,0.0,-4.718327074428618,-6.011012458071979,0.9732858675544734,907.6368542075296,837.8022481862774,1899.3360748706768,2048.976651964476,2066.4380556950746,374.398740928173,0.43529411764705883,0.011764705882352941,0.5529411764705883,0.0,0.5647058823529412,0.4470588235294118,25.9,1.4671814671814674,1.4285714285714286,3005.5062290359892,35.35889681218811,116.0427115457911,0.6685185185185185,0.8321782178217821,0.4473684210526316,5.0,17.0,1.0,15.0,0.7307189398559376,0.0,0.11131776847585342,0.04291390918166031,0.001654263015733948,0.04067263226954887,0.11359392387387163,0.0005,1.0,0.12639474919354146,0.0,0.16650198355489676,0.0,0.06419761537926029,0.03,0.07735599036669405,0.0,0.0
Greedy,variable,normal,True,variable_normal,1,90001,85.0,44.0,41.0,0.5176470588235295,884.7825354676389,1.0,1759.9588166722663,13890.0,90001.0,10000.0,0.0,85.0,-174.06102413371957,1614.2736192276025,0.0,41.0,41.0,0.0,41.0,38.93043156057611,50.0,0.0,7.748422058639947,17.599588166722658,12.486358975050301,-19.465215780288055,-150.0,0.0,-2.324526617591983,-3.5199176333445337,1.2486358975050305,884.7825354676389,816.1905855206398,1614.2736192276025,1717.506062611703,1719.2450726394027,363.7921651248211,0.5176470588235295,0.0,0.4823529411764706,0.0,0.4823529411764706,0.5176470588235295,13.89,3.167746580273578,3.167746580273578,1759.9588166722663,20.705397843203134,126.70689824854328,0.5902439024390244,0.8470384995064167,0.5681818181818182,5.0,13.0,1.0,25.0,0.8340974420278058,0.0,0.13450935082072918,0.050700334610821504,0.0011181902818731884,0.03343935229446271,0.11157859910016034,0.0005499999999999999,1.0,0.11593857092249832,0.044,0.1514719506272646,0.0,0.06489748834851192,0.0,0.14099318799448543,0.0,0.0
ECT,variable,normal,True,variable_normal,1,90001,85.0,49.0,36.0,0.5764705882352941,910.6887877446608,1.0,1438.6075978280787,10460.0,90001.0,10000.0,0.0,85.0,-163.83976220425842,1585.9789647000987,0.0,36.0,36.0,0.0,36.0,44.623750599488375,45.5,0.0,11.43766516133948,14.386075978280786,12.80627839543739,-22.311875299744187,-136.5,0.0,-3.431299548401843,-2.877215195656158,1.2806278395437378,910.6887877446605,842.7852058420879,1585.9789647000987,1993.5411686246805,2142.1833392368108,360.32142238966367,0.5764705882352941,0.0,0.4235294117647059,0.0,0.4235294117647059,0.5764705882352941,10.46,4.684512428298278,4.684512428298278,1438.6075978280787,16.92479526856563,137.53418717285646,0.5422312556458898,0.7535853976531942,0.5918367346938775,3.0,16.0,1.0,29.0,0.8005883460686977,0.0,0.15432045703224068,0.05633362177923588,0.002259938866528857,0.04753881431555542,0.13195953705620397,0.0,0.0,0.1023639304014175,0.0,0.19234215324430476,0.0,0.07095106253090303,0.0,0.16018640085136193,0.0,0.0
PPO,variable,normal,True,variable_normal,1,90001,85.0,48.0,37.0,0.5647058823529412,909.2912691729019,1.0,1450.8333406655215,10580.0,90001.0,10000.0,0.0,85.0,-169.44507649294985,1592.17309685103,0.0,37.0,37.0,0.0,37.0,43.64598092029928,47.5,0.0,11.59664827104916,14.508333406655213,12.585751298455824,-21.82299046014964,-142.5,0.0,-3.4789944813147464,-2.9016666813310428,1.2585751298455814,909.2912691729019,840.7197880833702,1592.17309685103,1996.6378805124348,2142.1833392368108,363.2456497484947,0.5647058823529412,0.0,0.43529411764705883,0.0,0.43529411764705883,0.5647058823529412,10.58,4.536862003780718,4.536862003780718,1450.8333406655215,17.06862753724143,137.1298053559094,0.5464895635673624,0.7906976744186046,0.6041666666666666,4.0,14.0,1.0,29.0,0.7785926837235422,0.0,0.15215979203868293,0.055438647865003444,0.0017669842117459076,0.0420355113177645,0.13300879407199967,0.0,0.0,0.11704775999633579,0.0,0.18149425813039996,0.0,0.07095106253090303,0.0,0.1578422802429506,0.0,0.0
FIFO,variable,congested,True,variable_congested,0,90000,83.0,0.0,83.0,0.0,0.0,0.0,15110.539999998562,141220.0,90000.0,10000.0,0.0,83.0,-320.67254411311814,0.0,0.0,83.0,83.0,0.0,83.0,0.0,91.0,0.0,58.17154704373676,151.10539999998562,0.0,0.0,-273.0,0.0,-17.45146411312105,-30.22107999999713,0.0,,,,,,,0.0,0.0,1.0,0.0,1.0,0.0,141.22,0.0,0.0,15110.539999998562,182.0546987951634,106.99999999998983,,,,0.0,0.0,0.0,0.0,,0.0,0.0,0.0,0.0,0.0,0.0,0.0,0.0,0.0,0.0,0.0,0.0,0.0,0.0,0.0,0.0,0.0
RoundRobin,variable,congested,True,variable_congested,0,90000,83.0,6.0,77.0,0.07228915662650602,1373.2719923156246,1.0,7555.122668250229,70180.0,90000.0,10000.0,0.0,83.0,-278.3835731574119,1715.7383531715998,0.0,77.0,77.0,0.0,77.0,8.239631953893747,85.0,0.0,14.93685794295602,75.55122668250229,3.2754553892222664,-4.119815976946874,-255.0,0.0,-4.481057382886805,-15.110245336500457,0.3275455389222269,1373.2719923156246,1294.876334636805,1715.7383531715998,1737.5075229630593,1742.9498154109242,687.853939642976,0.07228915662650602,0.0,0.927710843373494,0.0,0.927710843373494,0.07228915662650602,70.18,0.085494442861214,0.085494442861214,7555.122668250229,91.02557431626782,107.65350054503033,0.45,0.39999999999999997,0.6666666666666666,0.0,4.0,0.0,2.0,0.2893413431170959,0.0,0.026542354894910743,0.009135217708593768,0.00038040851623867404,0.01950406409543083,0.028473840394458914,0.0,0.0,0.0,0.0,0.046261789499792316,0.0,0.0,0.0,0.026667242605778397,0.0,0.0
Random,variable,congested,True,variable_congested,0,90000,83.0,6.0,77.0,0.07228915662650602,1006.6211085398681,1.0,5542.401258222878,51530.0,90000.0,10000.0,0.0,83.0,-274.66391465853224,1420.7383531715998,0.0,77.0,77.0,0.0,77.0,6.039726651239209,85.0,0.0,19.31658466299883,55.42401258222878,2.3572658243272913,-3.0198633256196046,-255.0,0.0,-5.794975398899645,-11.084802516445755,0.23572658243272906,1006.6211085398683,1103.1579436933623,1420.7383531715998,1446.5075229630593,1452.9498154109242,489.4778174321882,0.07228915662650602,0.0,0.927710843373494,0.0,0.927710843373494,0.07228915662650602,51.53,0.11643702697457792,0.11643702697457792,5542.401258222878,66.77591877376962,107.55678746793863,0.25,0.25,1.0,0.0,0.0,0.0,6.0,0.2937003058103976,0.0,0.01785652294427562,0.008233249958887447,0.00016503755112243652,0.012846694170970075,0.01831680553178134,0.0,0.0,0.0,0.0,0.01083515211582413,0.0,0.0,0.0,0.031465698302047755,0.0,0.0
Greedy,variable,congested,True,variable_congested,0,90000,83.0,4.0,79.0,0.04819277108433735,1363.2754533988282,1.0,2846.312901028476,26270.0,90000.0,10000.0,0.0,83.0,-272.9379209990316,1691.4097173054831,0.0,79.0,79.0,0.0,79.0,5.453101813595313,88.0,0.0,2.3257236148399687,28.463129010284764,1.7897279427502766,-2.7265509067976565,-264.0,0.0,-0.6977170844519907,-5.692625802056952,0.1789727942750277,1363.2754533988282,1357.9557864893493,1691.4097173054831,1732.641795789836,1742.9498154109242,657.7904768812483,0.04819277108433735,0.0,0.9518072289156626,0.0,0.9518072289156626,0.04819277108433735,26.27,0.15226494099733537,0.15226494099733537,2846.312901028476,34.29292651841538,108.34841648376384,0.4,0.45,0.75,0.0,1.0,0.0,3.0,0.2233846153846154,0.0,0.02126126609179818,0.007967637662040512,0.00018978494957015953,0.013776245844574622,0.021358503683949193,0.0,0.0,0.0,0.0,0.027067148045904224,0.0,0.0,0.0,0.028021311168293244,0.0,0.0
ECT,variable,congested,True,variable_congested,0,90000,83.0,5.0,78.0,0.060240963855421686,1539.187544226003,1.0,2094.05130210139,19130.0,90000.0,10000.0,0.0,83.0,-264.7990946133831,1777.8398923654227,0.0,78.0,78.0,0.0,78.0,7.695937721130014,85.0,0.0,6.810717861023459,20.9405130210139,2.8019220969165746,-3.847968860565007,-255.0,0.0,-2.043215358307037,-4.18810260420278,0.2801922096916576,1539.187544226003,1659.3491613746514,1777.8398923654227,1784.8179077563223,1786.5624116040472,803.4690922952268,0.060240963855421686,0.0,0.9397590361445783,0.0,0.9397590361445783,0.060240963855421686,19.13,0.26136957658128596,0.26136957658128596,2094.05130210139,25.22953376025771,109.46426043394615,0.6944444444444444,0.7272727272727272,0.4,1.0,2.0,0.0,2.0,0.28914542817393357,0.0,0.02509637895777776,0.008483398915039856,0.00023986353428146972,0.0154875283464299,0.03572002001197369,0.0,0.0,0.037358261879731854,0.0,0.03686883752136392,0.0,0.0,0.0,0.01734350876769858,0.0,0.0
PPO,variable,congested,True,variable_congested,0,90000,83.0,5.0,78.0,0.060240963855421686,1551.187544226003,1.0,2090.0847507191907,19130.0,90000.0,10000.0,0.0,83.0,-264.7823438049883,1777.8398923654227,0.0,78.0,78.0,0.0,78.0,7.755937721130015,85.0,0.0,6.681325508922179,20.90084750719191,2.8019220969165746,-3.8779688605650073,-255.0,0.0,-2.0043976526766527,-4.180169501438381,0.2801922096916576,1551.187544226003,1719.3491613746514,1777.8398923654227,1784.8179077563223,1786.5624116040472,815.4690922952268,0.060240963855421686,0.0,0.9397590361445783,0.0,0.9397590361445783,0.060240963855421686,19.13,0.26136957658128596,0.26136957658128596,2090.0847507191907,25.181743984568563,109.2569132628955,0.4807692307692308,0.5,0.6,0.0,2.0,0.0,3.0,0.28914542817393357,0.0,0.025017220357269575,0.008446961940748409,0.00020335241286907366,0.014260168753176579,0.027284648135454875,0.0,0.0,0.007356142216816151,0.0,0.03604834562803855,0.0,0.0011589165755947473,0.0,0.02752654685385387,0.0,0.0
FIFO,variable,congested,True,variable_congested,1,90001,85.0,0.0,85.0,0.0,0.0,0.0,14500.639999998728,135520.0,90001.0,10000.0,0.0,85.0,-312.8007825888914,0.0,0.0,85.0,85.0,0.0,85.0,0.0,88.5,0.0,60.998341962979865,145.00639999998728,0.0,0.0,-265.5,0.0,-18.299502588893986,-29.001279999997458,0.0,,,,,,,0.0,0.0,1.0,0.0,1.0,0.0,135.52,0.0,0.0,14500.639999998728,170.5957647058674,106.9999999999906,,,,0.0,0.0,0.0,0.0,,0.0,0.0,0.0,0.0,0.0,0.0,0.0,0.0,0.0,0.0,0.0,0.0,0.0,0.0,0.0,0.0,0.0
RoundRobin,variable,congested,True,variable_congested,1,90001,85.0,12.0,73.0,0.1411764705882353,1219.8742058301875,0.9166666666666666,6207.659918725938,57100.0,90001.0,10000.0,0.0,85.0,-262.8098225664681,1852.374392328089,1.0,73.0,74.0,0.0,73.0,14.638490469962244,79.5,0.0,16.874372485480613,62.07659918725938,4.870542516090887,-7.319245234981122,-238.5,0.0,-5.062311745644185,-12.415319837451877,0.4870542516090888,1219.8742058301875,1221.5786540527881,1852.374392328089,1981.2532593746978,2013.4729761363496,592.1438469020371,0.12941176470588237,0.011764705882352941,0.8588235294117647,0.0,0.8705882352941177,0.1411764705882353,57.1,0.21015761821366025,0.19264448336252188,6207.659918725938,73.03129316148163,108.7155852666539,0.45,0.4899999999999999,0.6666666666666666,0.0,4.0,0.0,8.0,0.43328705846058935,0.0,0.05264890288422659,0.022050068173427747,0.0008903377835515266,0.02983852850848256,0.04654876350009284,0.0,0.0,0.0011072190683424023,0.0,0.0642278719900142,0.0,0.013872745069924239,0.0,0.06857284438804664,0.0,0.0
Random,variable,congested,True,variable_congested,1,90001,85.0,10.0,75.0,0.11764705882352941,1559.053712539444,0.9,7480.47428528672,69220.0,90001.0,10000.0,0.0,85.0,-273.26053535959005,2419.383000521846,1.0,75.0,76.0,0.0,75.0,15.59053712539444,82.0,0.0,15.979327746280235,74.8047428528672,2.8948009756470663,-7.79526856269722,-246.0,0.0,-4.7937983238840705,-14.96094857057344,0.28948009756470666,1559.053712539444,1700.5649421268593,2419.383000521846,2664.302217630406,2725.5320219075456,951.1143960317855,0.10588235294117647,0.011764705882352941,0.8823529411764706,0.0,0.8941176470588236,0.11764705882352941,69.22,0.1444669170759896,0.13002022536839064,7480.47428528672,88.00557982690259,108.06810582615891,0.46296296296296297,0.6305970149253732,0.7,1.0,2.0,0.0,7.0,0.40334837862927747,0.0,0.04080705025564835,0.017574866673895753,0.00048738124241451094,0.022076712672282325,0.04243054197017943,0.0,0.0,0.013872745069924239,0.0,0.04807702372681379,0.0,0.0,0.0,0.051739678046054144,0.0,0.0
Greedy,variable,congested,True,variable_congested,1,90001,85.0,7.0,78.0,0.08235294117647059,1487.2570327358387,1.0,2877.943676752614,26360.0,90001.0,10000.0,0.0,85.0,-260.62340438987786,1911.9266134120664,0.0,78.0,78.0,0.0,78.0,10.41079922915087,83.0,0.0,3.1644046911748043,28.779436767526143,2.8720398555521753,-5.205399614575435,-249.0,0.0,-0.949321407352442,-5.755887353505228,0.2872039855552172,1487.2570327358387,1510.5634241323878,1911.9266134120664,1986.3706383670938,2004.9816446058508,848.8050240031951,0.08235294117647059,0.0,0.9176470588235294,0.0,0.9176470588235294,0.08235294117647059,26.36,0.26555386949924126,0.26555386949924126,2877.943676752614,33.85816090297193,109.17843993750432,0.5833333333333334,0.7352941176470587,0.5714285714285714,1.0,2.0,0.0,4.0,0.3404785903609961,0.0,0.030297477860309334,0.01438579829432298,6.94700953607325e-05,0.008334872246215446,0.03446368841227297,0.0,0.0,0.03176850550249601,0.0,0.025201902673064238,0.0,0.013872745069924239,0.0,0.03594164090280802,0.0,0.0
ECT,variable,congested,True,variable_congested,1,90001,85.0,8.0,77.0,0.09411764705882353,1439.2257879023257,1.0,2025.6823627241015,18190.0,90001.0,10000.0,0.0,85.0,-262.7401228743828,1797.9236197923153,0.0,77.0,77.0,0.0,77.0,11.513806303218605,83.5,0.0,9.387009581790137,20.256823627241012,3.8424787721168805,-5.756903151609302,-250.5,0.0,-2.8161028745370422,-4.051364725448203,0.3842478772116882,1439.225787902326,1595.7098501504627,1797.9236197923153,1848.0378920555277,1860.5664601213307,822.2903709506386,0.09411764705882353,0.0,0.9058823529411765,0.0,0.9058823529411765,0.09411764705882353,18.19,0.439802089059923,0.439802089059923,2025.6823627241015,23.83155720851884,111.36241686223757,0.6153846153846154,0.5295969773299747,0.5,3.0,1.0,0.0,4.0,0.49412783950568423,0.0,0.03833809156609307,0.017208622279519768,0.0013866748807250312,0.037238083741312884,0.054536993699438756,0.0,0.0,0.0979570416848658,0.0,0.01554448342806473,0.0,0.0,0.0,0.040050528879536564,0.0,0.0
PPO,variable,congested,True,variable_congested,1,90001,85.0,8.0,77.0,0.09411764705882353,1386.7257879023257,1.0,2027.8369642726814,18190.0,90001.0,10000.0,0.0,85.0,-262.5706706697501,1797.9236197923153,0.0,77.0,77.0,0.0,77.0,11.093806303218605,83.5,0.0,9.42309865709725,20.278369642726812,3.5883600753377283,-5.546903151609302,-250.5,0.0,-2.8269295971291752,-4.055673928545363,0.35883600753377304,1386.725787902326,1508.8834252239694,1797.9236197923153,1848.0378920555277,1860.5664601213307,769.7903709506386,0.09411764705882353,0.0,0.9058823529411765,0.0,0.9058823529411765,0.09411764705882353,18.19,0.439802089059923,0.439802089059923,2027.8369642726814,23.856905462031545,111.48086664500721,0.8,0.7412280701754386,0.375,3.0,1.0,1.0,3.0,0.49412783950568423,0.0,0.03709487806082024,0.01686573717777956,0.0014996199749738209,0.03872492704930276,0.06261740877575642,0.0,0.0,0.11354760108115394,0.0,0.01699616841416593,0.0,0.032097136439673005,0.0,0.025842733755336418,0.0,0.0
FIFO,variable,unseen,False,variable_unseen,0,90000,83.0,0.0,83.0,0.0,0.0,0.0,9714.154601565438,90760.0,90000.0,10000.0,0.0,83.0,-309.03739627314445,0.0,0.0,83.0,83.0,0.0,83.0,0.0,91.0,0.0,55.447424434802805,97.1415460156544,0.2514026042728847,0.0,-273.0,0.0,-16.634227330440858,-19.42830920313088,0.025140260427288473,,,,,,,0.0,0.0,1.0,0.0,1.0,0.0,90.76,0.0,0.0,9714.154601565438,117.03800724777636,107.03123183743321,,,,0.0,0.0,0.0,0.0,,0.0,0.001257013021364424,0.0005515823459038357,1.251721000142214e-05,0.003537966930515623,0.003537966930515621,0.0,0.0,0.008170584638868756,0.0,0.0,0.0,0.0,0.0,0.0,0.0,0.0
RoundRobin,variable,unseen,False,variable_unseen,0,90000,83.0,21.0,62.0,0.25301204819277107,1152.7025518382375,0.9523809523809523,4935.632746531235,44670.0,90000.0,10000.0,0.0,83.0,-248.94899223084786,1969.3491613746514,1.0,62.0,63.0,0.0,62.0,24.20675358860299,74.5,0.0,14.355295668039593,49.35632746531235,8.322387569280421,-12.103376794301495,-223.5,0.0,-4.306588700411878,-9.87126549306247,0.8322387569280421,1152.7025518382375,1074.1039664536265,1969.3491613746514,1991.554833906062,1997.1062520389146,600.3264498808388,0.24096385542168675,0.012048192771084338,0.7469879518072289,0.0,0.7590361445783133,0.25301204819277107,44.67,0.47011417058428473,0.4477277815088426,4935.632746531235,59.46545477748476,110.49099499734128,0.5833333333333334,0.6247481531229011,0.5238095238095238,2.0,11.0,0.0,8.0,0.7321337970294509,0.0,0.074586213088749,0.026669933598214946,0.0018172026129024495,0.04262865952504781,0.08821309861522275,0.0,0.0,0.0850167629999636,0.0,0.11566902543713038,0.0,0.0,0.0,0.05615185706754808,0.0,0.0
Random,variable,unseen,False,variable_unseen,0,90000,83.0,15.0,68.0,0.18072289156626506,876.7702574224579,1.0,3890.0570256789524,35390.0,90000.0,10000.0,0.0,83.0,-251.4447662720699,1949.0171385078565,0.0,68.0,68.0,0.0,68.0,13.151553861336868,77.5,0.0,17.336252818636677,38.90057025678953,6.120005555475095,-6.575776930668434,-232.5,0.0,-5.200875845591001,-7.780114051357905,0.6120005555475099,876.7702574224579,717.2052122874929,1949.0171385078565,2218.8386717488193,2286.29405505906,449.01222093385087,0.18072289156626506,0.0,0.8192771084337349,0.0,0.8192771084337349,0.18072289156626506,35.39,0.4238485447866629,0.4238485447866629,3890.0570256789524,46.868156935890994,109.9196672980772,0.41058394160583944,0.4601910828025478,0.7333333333333333,0.0,4.0,0.0,11.0,0.5934721168640559,0.0,0.05548313545394758,0.0225207848186766,0.0010444297532805433,0.03231763842363088,0.058949974950412515,0.0,0.0,0.03332686516576866,0.0,0.08987069784584621,0.0,0.0,0.0,0.04919070653106607,0.0,0.0
Greedy,variable,unseen,False,variable_unseen,0,90000,83.0,18.0,65.0,0.21686746987951808,1029.0681188059707,1.0,2037.5707289395293,17760.0,90000.0,10000.0,0.0,83.0,-236.19582824963,1633.27198070128,0.0,65.0,65.0,0.0,65.0,18.523226138507475,74.0,0.0,5.211971040183706,20.375707289395294,7.045175895578581,-9.261613069253738,-222.0,0.0,-1.563591312055112,-4.075141457879058,0.7045175895578577,1029.0681188059707,997.3180578226907,1633.27198070128,1924.339397771387,1997.1062520389146,486.3773597938637,0.21686746987951808,0.0,0.7831325301204819,0.0,0.7831325301204819,0.21686746987951808,17.76,1.0135135135135134,1.0135135135135134,2037.5707289395293,24.54904492698228,114.72808158443294,0.4175257731958763,0.466426193118757,0.7222222222222222,0.0,5.0,0.0,13.0,0.6312580262230415,0.0,0.0712648505141639,0.025331892464539648,0.0016508178567015723,0.04063025789607509,0.06254860625624376,0.0,0.0,0.01667372104796178,0.0,0.07472508900329008,0.0,0.0,0.0,0.09903254309584114,0.0,0.0
ECT,variable,unseen,False,variable_unseen,0,90000,83.0,22.0,61.0,0.26506024096385544,1165.1050561314269,1.0,1528.9897441846542,12730.0,90000.0,10000.0,0.0,83.0,-231.0293802187395,1738.6388400705769,0.0,61.0,61.0,0.0,61.0,25.632311234891386,71.0,0.0,10.416016007024625,15.289897441846543,9.695596891828028,-12.816155617445693,-213.0,0.0,-3.1248048021073873,-3.0579794883693086,0.9695596891828033,1165.1050561314266,1124.876334636805,1738.6388400705769,2551.7109800936983,2766.29405505906,603.5563293520481,0.26506024096385544,0.0,0.7349397590361446,0.0,0.7349397590361446,0.26506024096385544,12.73,1.7282010997643362,1.7282010997643362,1528.9897441846542,18.42156318294764,120.10917079219593,0.6954022988505747,0.9480609418282548,0.45454545454545453,3.0,8.0,1.0,10.0,0.6374837118004206,0.0,0.08254411562308252,0.03165810405978546,0.00036045498222954256,0.018985652009597738,0.08557641983839034,0.0,0.0,0.06721850591267015,0.0,0.0892657210372526,0.0,0.043551164044645346,0.0,0.08967040718017942,0.0,0.0
PPO,variable,unseen,False,variable_unseen,0,90000,83.0,22.0,61.0,0.26506024096385544,1179.6505106768814,1.0,1521.7985608025608,12730.0,90000.0,10000.0,0.0,83.0,-230.85128260257207,1738.6388400705769,0.0,61.0,61.0,0.0,61.0,25.95231123489139,71.0,0.0,9.30652553222623,15.217985608025602,9.604277961466147,-12.976155617445695,-213.0,0.0,-2.7919576596678692,-3.0435971216051216,0.9604277961466151,1179.6505106768811,1157.9557864893493,1738.6388400705769,2551.7109800936983,2766.29405505906,618.1017838975026,0.26506024096385544,0.0,0.7349397590361446,0.0,0.7349397590361446,0.26506024096385544,12.73,1.7282010997643362,1.7282010997643362,1521.7985608025608,18.33492241930796,119.54427029085316,0.587378640776699,0.6855195283714075,0.5,2.0,9.0,0.0,11.0,0.6374837118004206,0.0,0.08083932073687591,0.031205388447259945,0.0015726139345847916,0.03965619667321605,0.06761546147522945,0.0,0.0,0.03519379575208655,0.0,0.09635145209290026,0.0,0.006134288874931108,0.0,0.09816391347144694,0.0,0.0
FIFO,variable,unseen,False,variable_unseen,1,90001,85.0,0.0,85.0,0.0,0.0,0.0,9337.324209675819,87240.0,90001.0,10000.0,0.0,85.0,-302.0458962172236,0.0,0.0,85.0,85.0,0.0,85.0,0.0,88.5,0.0,59.5917501936155,93.37324209675818,0.06277260212635404,0.0,-265.5,0.0,-17.87752505808467,-18.674648419351634,0.006277260212635404,,,,,,,0.0,0.0,1.0,0.0,1.0,0.0,87.24,0.0,0.0,9337.324209675819,109.85087305500963,107.0303096019695,,,,0.0,0.0,0.0,0.0,,0.0,0.0012330843817067371,0.0005900851765471502,1.204518790392823e-05,0.0034706177985955513,0.003470617798595552,0.0,0.0,0.008015048481093792,0.0,0.0,0.0,0.0,0.0,0.0,0.0,0.0
RoundRobin,variable,unseen,False,variable_unseen,1,90001,85.0,22.0,63.0,0.25882352941176473,1241.4322567230827,1.0,4263.801676046244,38360.0,90001.0,10000.0,0.0,85.0,-241.00319265004572,2208.3946811042724,0.0,63.0,63.0,0.0,63.0,27.31150964790782,71.5,0.0,16.535333290533256,42.638016760462435,6.4076551316073305,-13.65575482395391,-214.5,0.0,-4.960599987159977,-8.52760335209249,0.6407655131607333,1241.432256723083,1101.4869353964814,2208.3946811042724,2315.586562597665,2342.1833392368108,605.99944230962,0.25882352941176473,0.0,0.7411764705882353,0.0,0.7411764705882353,0.25882352941176473,38.36,0.5735140771637122,0.5735140771637122,4263.801676046244,50.16237265936758,111.15228561121596,0.545045045045045,0.6701570680628273,0.5,0.0,10.0,1.0,11.0,0.5609023332269926,0.0,0.08242329917031913,0.03239618586812866,0.001895870940171426,0.04354160011037061,0.07554997726548557,0.0,0.0,0.013611315711072165,0.0,0.1194189048584458,0.0,0.027745490139848478,0.0,0.08980985803639543,0.0,0.0
Random,variable,unseen,False,variable_unseen,1,90001,85.0,22.0,63.0,0.25882352941176473,1071.4474605610374,1.0,5132.019001194609,46600.0,90001.0,10000.0,0.0,85.0,-236.4715507277515,1750.9953311768302,0.0,63.0,63.0,0.0,63.0,23.571844132342825,70.0,0.0,16.77015637048793,51.320190011946075,6.094562519555687,-11.785922066171413,-210.0,0.0,-5.031046911146377,-10.264038002389217,0.6094562519555679,1071.4474605610374,987.3128565828094,1750.9953311768302,2559.7053757483,2773.4729761363496,543.8247735737356,0.25882352941176473,0.0,0.7411764705882353,0.0,0.7411764705882353,0.25882352941176473,46.6,0.4721030042918455,0.4721030042918455,5132.019001194609,60.37669413170128,110.12916311576413,0.5707547169811321,0.6944444444444444,0.5454545454545454,2.0,8.0,0.0,12.0,0.5026901930174119,0.0,0.07204877798908717,0.02705805988822103,0.001492441497149358,0.03863213037290796,0.07979023453490382,0.0,0.0,0.05665452479139566,0.0,0.11565847452377725,0.0,0.0065124624660206085,0.0,0.0590297839523687,0.0,0.0
Greedy,variable,unseen,False,variable_unseen,1,90001,85.0,19.0,66.0,0.2235294117647059,1225.0082100865116,1.0,1742.083347182436,14990.0,90001.0,10000.0,0.0,85.0,-231.80940119365866,1972.7067452759381,0.0,66.0,66.0,0.0,66.0,23.27515599164372,72.0,0.0,4.576097302547647,17.420833471824363,6.851726872923214,-11.63757799582186,-216.0,0.0,-1.3728291907642935,-3.4841666943648715,0.6851726872923222,1225.0082100865113,1144.9816446058508,1972.7067452759381,2052.769513728858,2072.7852058420876,598.1230819736788,0.2235294117647059,0.0,0.7764705882352941,0.0,0.7764705882352941,0.2235294117647059,14.99,1.267511674449633,1.267511674449633,1742.083347182436,20.495098202146306,116.21636739042268,0.6685185185185185,0.9423076923076923,0.47368421052631576,2.0,7.0,1.0,9.0,0.6035102467558466,0.0,0.07145360592561745,0.029157560409694507,0.0006173518450377821,0.024846566061284648,0.06066104503160819,0.0,0.0,0.043096113219126535,0.0,0.06226237390127292,0.0,0.027745490139848478,0.0,0.09431827747497228,0.0,0.0
ECT,variable,unseen,False,variable_unseen,1,90001,85.0,20.0,65.0,0.23529411764705882,1285.3905491070182,1.0,1402.5691583220935,11710.0,90001.0,10000.0,0.0,85.0,-238.18511753883624,2025.2174212044038,0.0,65.0,65.0,0.0,65.0,25.707810982140366,73.5,0.0,8.943831799971734,14.025691583220931,6.5707580886968895,-12.853905491070183,-220.5,0.0,-2.683149539991521,-2.8051383166441877,0.6570758088696895,1285.3905491070182,1207.7725343691193,2025.2174212044038,2177.469101766917,2215.5320219075456,673.7691820418438,0.23529411764705882,0.0,0.7647058823529411,0.0,0.7647058823529411,0.23529411764705882,11.71,1.7079419299743808,1.7079419299743808,1402.5691583220935,16.500813627318745,119.77533375935896,0.6172839506172839,0.7239299610894941,0.55,4.0,5.0,0.0,11.0,0.6511285417768575,0.0,0.07657015316630116,0.03137166471614266,0.001054182678293955,0.03246817947304645,0.08095282948394115,0.0,0.0,0.07507852889419304,0.0,0.08632984558761968,0.0,0.006795493108611749,0.0,0.08219000965240641,0.0,0.0
PPO,variable,unseen,False,variable_unseen,1,90001,85.0,19.0,66.0,0.2235294117647059,1292.7689536246162,1.0,1445.7780311110969,12140.0,90001.0,10000.0,0.0,85.0,-239.57971074241553,1951.9164719806588,0.0,66.0,66.0,0.0,66.0,24.562610118867703,74.0,0.0,10.028944187520063,14.457780311110964,6.018336354965425,-12.281305059433851,-222.0,0.0,-3.0086832562560226,-2.891556062222193,0.6018336354965436,1292.7689536246162,1180.5634241323878,1951.9164719806588,2538.808911922169,2685.5320219075456,682.3377804631679,0.2235294117647059,0.0,0.7764705882352941,0.0,0.7764705882352941,0.2235294117647059,12.14,1.5650741350906094,1.5650741350906094,1445.7780311110969,17.009153307189376,119.09209481969496,0.7106299212598425,0.9758064516129032,0.47368421052631576,3.0,6.0,1.0,9.0,0.6327082116949136,0.0,0.07424704459922354,0.030233431969426225,7.892516530857201e-05,0.008883983639593897,0.09292680423457426,0.0,0.0,0.06196191864334301,0.0,0.07831683653795861,0.0,0.08652115802204512,0.0,0.07358320638822344,0.0,0.0
FIFO,unseen,normal,False,unseen_normal,0,90000,115.0,0.0,115.0,0.0,0.0,0.0,25132.4396604801,234470.0,90000.0,10000.0,0.0,115.0,-550.9433469021336,0.0,0.0,115.0,115.0,0.0,115.0,0.0,160.0,0.0,69.36497734810146,251.32439660480102,1.3102562325702511,0.0,-480.0,0.0,-20.809493204430456,-50.264879320960205,0.1310256232570251,,,,,,,0.0,0.0,1.0,0.0,1.0,0.0,234.47,0.0,0.0,25132.4396604801,218.54295356939218,107.18829556224719,,,,0.0,0.0,0.0,0.0,,0.0,0.017798769378968158,0.0066202151267065095,0.0003567596383577576,0.01888808191314718,0.025422348196230262,0.0,0.0,0.03435252260569425,0.0,0.04066973917879938,0.0,0.0,0.0,0.0,0.0,0.0
RoundRobin,unseen,normal,False,unseen_normal,0,90000,115.0,5.0,110.0,0.043478260869565216,3539.556064715112,1.0,5080.423736673612,44970.0,90000.0,10000.0,0.0,115.0,-543.1264859828248,4499.576044173255,0.0,69.0,69.0,41.0,69.0,13.73716814592711,98.5,56.5,19.349524657444462,50.804237366736125,12.078029607193523,-6.868584072963555,-295.5,-226.0,-5.804857397233339,-10.160847473347228,1.2078029607193526,3539.556064715112,4163.036665324726,4499.576044173255,4553.329797779331,4566.76823618085,1863.1867446481233,0.043478260869565216,0.0,0.6,0.3565217391304348,0.6,0.043478260869565216,44.97,0.111185234600845,0.111185234600845,5080.423736673612,44.177597710205326,112.97362100675144,0.25,0.25,1.0,0.0,0.0,0.0,5.0,0.2198174381223078,0.0,0.11711078797138888,0.061807119469759454,0.006501247613756133,0.0806303144837978,0.10888669358804927,0.0002916666666666667,1.0,0.0,0.0,0.08620649066525203,0.035,0.0,0.0,0.19626904682784121,0.0,41.0
Random,unseen,normal,False,unseen_normal,0,90000,115.0,5.0,110.0,0.043478260869565216,3233.544812475003,1.0,7718.051528349073,68710.0,90000.0,10000.0,0.0,115.0,-550.9630893190234,4301.903842618797,0.0,72.0,72.0,38.0,72.0,13.769009994034633,102.5,54.0,20.449569807304623,77.18051528349073,9.92389676883719,-6.884504997017316,-307.5,-216.0,-6.134870942191387,-15.436103056698148,0.9923896768837186,3233.544812475003,3349.0567660733395,4301.903842618797,4449.677278077612,4486.620636942315,1788.538701557981,0.043478260869565216,0.0,0.6260869565217392,0.33043478260869563,0.6260869565217392,0.043478260869565216,68.71,0.07276961141027508,0.07276961141027508,7718.051528349073,67.11349155086151,112.32792211248834,0.5681818181818182,0.6944444444444444,0.6,1.0,1.0,0.0,3.0,0.19357016439505903,0.0,0.10375377121727557,0.04891314068871404,0.0023510826003745656,0.04848796345872412,0.10648466266261093,0.000425,1.0,0.11211243258391905,0.0,0.10666663763478398,0.051,0.0,0.0,0.11631793501960137,0.0,38.0
Greedy,unseen,normal,False,unseen_normal,0,90000,115.0,3.0,112.0,0.02608695652173913,2721.3591564667336,1.0,8057.890818661763,72660.0,90000.0,10000.0,0.0,115.0,-499.10477230821664,3654.88312058164,0.0,112.0,112.0,0.0,112.0,7.387351156589007,158.5,0.0,15.823519881483266,80.57890818661762,9.51740871846334,-3.6936755782945037,-475.5,0.0,-4.747055964444984,-16.115781637323526,0.9517408718463346,2721.3591564667336,2558.294390515668,3654.88312058164,3752.357674365282,3776.7263128111927,1599.4523910601372,0.02608695652173913,0.0,0.9739130434782609,0.0,0.9739130434782609,0.02608695652173913,72.66,0.04128819157720892,0.04128819157720892,8057.890818661763,70.06861581445011,110.89857994304656,0.25,0.25,1.0,0.0,0.0,0.0,3.0,0.12880415594895853,0.0,0.10625960264638759,0.04535159068898033,0.00825630911544724,0.09086423452298072,0.10245498753723123,0.0,0.0,0.03435252260569425,0.0,0.0,0.0,0.0,0.0,0.2187782981986084,0.0,0.0
ECT,unseen,normal,False,unseen_normal,0,90000,115.0,1.0,114.0,0.008695652173913044,2599.0567660733395,1.0,6348.016706656055,58250.0,90000.0,10000.0,0.0,115.0,-497.6301121991464,2599.0567660733395,0.0,114.0,114.0,0.0,114.0,2.5990567660733395,159.5,0.0,18.097401337031396,63.480167066560554,2.9466999831182745,-1.2995283830366697,-478.5,0.0,-5.429220401109423,-12.69603341331211,0.2946699983118274,2599.0567660733395,2599.0567660733395,2599.0567660733395,2599.0567660733395,2599.0567660733395,1563.0491182686721,0.008695652173913044,0.0,0.991304347826087,0.0,0.991304347826087,0.008695652173913044,58.25,0.017167381974248927,0.017167381974248927,6348.016706656055,55.200145275270046,108.9788275820782,0.25,0.25,1.0,0.0,0.0,0.0,1.0,0.06666666666666667,0.0,0.038287944849955596,0.025084114439519477,0.0004728557250766794,0.02174524603394221,0.03492907989801939,0.0,0.0,0.026716075265790774,0.0,0.06114749023813579,0.0,0.0,0.0,0.03328686192754966,0.0,0.0
PPO,unseen,normal,False,unseen_normal,0,90000,115.0,2.0,113.0,0.017391304347826087,4331.046715699033,1.0,6250.3255715614005,56870.0,90000.0,10000.0,0.0,115.0,-498.0499795647992,5214.837670362156,0.0,113.0,113.0,0.0,113.0,6.0,159.0,0.0,20.767818729543617,62.503255715613996,6.810171971866516,-3.0,-477.0,0.0,-6.230345618863089,-12.500651143122802,0.6810171971866529,4331.046715699033,4331.046715699033,5214.837670362156,5293.396866332212,5313.036665324726,2935.9773930053107,0.017391304347826087,0.0,0.9826086956521739,0.0,0.9826086956521739,0.017391304347826087,56.87,0.03516792685071215,0.03516792685071215,6250.3255715614005,54.350657144012175,109.90549624690348,0.5,0.45,0.5,1.0,0.0,1.0,0.0,0.09490196078431375,0.0,0.0647260451100823,0.03343747192824826,0.0007448849606288197,0.02729258068832663,0.11221244184352364,0.0,0.0,0.09986058578264874,0.0,0.06114749023813579,0.0,0.11397759222738107,0.0,0.04719164361430804,0.0,0.0
FIFO,unseen,normal,False,unseen_normal,1,90001,118.0,2.0,116.0,0.01694915254237288,2431.4764835293568,1.0,24347.89440250761,226190.0,90001.0,10000.0,0.0,118.0,-509.70291848287593,2976.284949962706,0.0,116.0,116.0,0.0,116.0,4.8261337430478575,145.5,0.0,76.432371760971,243.4789440250761,8.356487219545077,-2.4130668715239287,-436.5,0.0,-22.929711528291303,-48.69578880501522,0.8356487219545073,2431.4764835293568,2431.4764835293568,2976.284949962706,3024.712369201226,3036.819224010856,1050.4562900942237,0.01694915254237288,0.0,0.9830508474576272,0.0,0.9830508474576272,0.01694915254237288,226.19,0.008842123878155533,0.008842123878155533,24347.89440250761,206.33808815684415,107.64354923961099,0.5,0.45,0.5,1.0,1.0,0.0,0.0,0.12930648769574943,0.0,0.06104123655237508,0.028319291872256583,0.00462182857614152,0.06798403177321509,0.07010037896474142,0.00036666666666666667,1.0,0.0642416934760507,0.0,0.16626317205719368,0.044,0.0,0.0,0.0,0.0,0.0
RoundRobin,unseen,normal,False,unseen_normal,1,90001,118.0,11.0,107.0,0.09322033898305085,2865.3207576439167,1.0,7419.853952485511,64870.0,90001.0,10000.0,0.0,118.0,-492.4332594098762,4624.468385108434,0.0,68.0,68.0,39.0,68.0,27.33010649442626,86.0,50.0,27.547941309144566,74.19853952485512,23.358841350512634,-13.66505324721313,-258.0,-200.0,-8.264382392743375,-14.839707904971021,2.335884135051262,2865.3207576439167,2769.9069939823667,4624.468385108434,5339.1019228525865,5517.760307288624,1401.4837687613642,0.09322033898305085,0.0,0.576271186440678,0.3305084745762712,0.576271186440678,0.09322033898305085,64.87,0.16956990904886696,0.16956990904886696,7419.853952485511,62.88011824140264,114.38035998898583,0.5127118644067796,0.6717252396166135,0.6363636363636364,1.0,3.0,0.0,7.0,0.35778766513944593,0.0,0.20374721981737534,0.14388242804557816,0.011632847376866536,0.10785567846370693,0.1369890162482711,0.0025166666666666666,1.0,0.07736847063343018,0.146,0.22210421542610206,0.083,0.0,0.0,0.26759334244243516,0.0,39.0
Random,unseen,normal,False,unseen_normal,1,90001,118.0,8.0,110.0,0.06779661016949153,3120.6896443942233,1.0,7151.124915246387,62030.0,90001.0,10000.0,0.0,118.0,-504.9381424144318,5233.168906795011,0.0,70.0,70.0,40.0,70.0,20.035742349522522,88.0,52.5,29.450705954102094,71.51124915246386,22.17190377052816,-10.017871174761261,-264.0,-210.0,-8.835211786230621,-14.302249830492775,2.217190377052814,3120.6896443942233,2694.7384784857427,5233.168906795011,5686.881730775843,5800.309936771051,1618.0711669502666,0.06779661016949153,0.0,0.5932203389830508,0.3389830508474576,0.5932203389830508,0.06779661016949153,62.03,0.12896985329679186,0.12896985329679186,7151.124915246387,60.60275351903718,115.28494140329497,0.4,0.45,0.75,0.0,2.0,0.0,6.0,0.3630993297738936,0.0,0.18281806218814564,0.12657400127755888,0.015441917075530602,0.12426551040224557,0.1596534572121182,0.0012333333333333332,1.0,0.0,0.0,0.2768706381741098,0.148,0.0,0.0,0.21152537595824233,0.0,40.0
Greedy,unseen,normal,False,unseen_normal,1,90001,118.0,6.0,112.0,0.05084745762711865,2721.1874872619337,1.0,7817.535238652806,69590.0,90001.0,10000.0,0.0,118.0,-451.1201826067294,4097.587153198897,0.0,112.0,112.0,0.0,112.0,14.818205920756952,141.0,0.0,23.59092883541283,78.17535238652806,20.012694815785835,-7.409102960378476,-423.0,0.0,-7.077278650623847,-15.63507047730561,2.0012694815785825,2721.1874872619337,2815.721880972891,4097.587153198897,4380.458600982375,4451.176462928244,1245.2851593407422,0.05084745762711865,0.0,0.9491525423728814,0.0,0.9491525423728814,0.05084745762711865,69.59,0.08621928437993964,0.08621928437993964,7817.535238652806,66.2502986326509,112.33704898193426,0.6428571428571429,0.75,0.5,1.0,2.0,0.0,3.0,0.3724840959607573,0.0,0.1555647033977799,0.0884626102548993,0.005227285489696856,0.0722999688084086,0.11879110608103452,0.0,0.0,0.0642416934760507,0.0,0.1898939371106005,0.0,0.026253554314759252,0.0,0.18467140907697926,0.0,0.0
ECT,unseen,normal,False,unseen_normal,1,90001,118.0,5.0,113.0,0.0423728813559322,2860.6376643723497,1.0,7132.328208543245,62940.0,90001.0,10000.0,0.0,118.0,-458.1720008643281,4990.392909006008,0.0,113.0,113.0,0.0,113.0,11.785428014573124,143.5,0.0,31.349502453578793,71.32328208543245,18.902202961185868,-5.892714007286562,-430.5,0.0,-9.404850736073643,-14.264656417086488,1.8902202961185885,2860.6376643723497,2366.819224010856,4990.392909006008,5412.2868276321005,5517.760307288624,1506.8880269001977,0.0423728813559322,0.0,0.9576271186440678,0.0,0.9576271186440678,0.0423728813559322,62.94,0.07944073721004132,0.07944073721004132,7132.328208543245,60.44345939443428,113.31948218212973,0.6944444444444444,0.7272727272727272,0.4,1.0,2.0,0.0,2.0,0.30739030441317605,0.0,0.16978141112607623,0.10843593731850361,0.009829496566156948,0.09914381758918177,0.15122388050306573,0.0007208333333333333,1.0,0.16568676921779812,0.027,0.2986318789020766,0.046,0.026253554314759252,0.0,0.10916728938005484,0.0,0.0
PPO,unseen,normal,False,unseen_normal,1,90001,118.0,7.0,111.0,0.059322033898305086,2927.066389438627,1.0,7133.599048550985,62940.0,90001.0,10000.0,0.0,118.0,-451.6783553938433,4935.159002543558,0.0,111.0,111.0,0.0,111.0,17.395948460643357,140.5,0.0,30.89577253720959,71.33599048550985,20.55548694743192,-8.697974230321678,-421.5,0.0,-9.268731761162886,-14.26719809710197,2.055548694743194,2927.066389438627,2610.520446070233,4935.159002543558,5401.24004633961,5517.760307288624,1507.244387085401,0.059322033898305086,0.0,0.940677966101695,0.0,0.940677966101695,0.059322033898305086,62.94,0.11121703209405784,0.11121703209405784,7133.599048550985,60.45422922500835,113.3396734755479,0.5833333333333334,0.7352941176470587,0.5714285714285714,1.0,2.0,0.0,4.0,0.2758418959354689,0.0,0.1706034556774309,0.10437949024350833,0.005882628294445134,0.07669829394742189,0.13271574383214318,0.00020833333333333335,1.0,0.10219300248572225,0.0,0.22823758973818803,0.025,0.026253554314759252,0.0,0.179042500927941,0.0,0.0
FIFO,unseen,congested,False,unseen_congested,0,90000,115.0,0.0,115.0,0.0,0.0,0.0,63312.97000001029,591710.0,90000.0,10000.0,0.0,115.0,-627.8453411339071,0.0,0.0,115.0,115.0,0.0,115.0,0.0,160.0,0.0,70.73133711295537,633.1297000001028,0.0,0.0,-480.0,0.0,-21.219401133886624,-126.62594000002058,0.0,,,,,,,0.0,0.0,1.0,0.0,1.0,0.0,591.71,0.0,0.0,63312.97000001029,550.5475652174807,107.00000000001738,,,,0.0,0.0,0.0,0.0,,0.0,0.0,0.0,0.0,0.0,0.0,0.0,0.0,0.0,0.0,0.0,0.0,0.0,0.0,0.0,0.0,0.0
RoundRobin,unseen,congested,False,unseen_congested,0,90000,115.0,0.0,115.0,0.0,0.0,0.0,12171.36039333423,113660.0,90000.0,10000.0,0.0,115.0,-565.790303500743,0.0,0.0,74.0,74.0,41.0,74.0,0.0,103.5,56.5,16.62094330300861,121.71360393334228,0.3870027682814851,0.0,-310.5,-226.0,-4.98628299090258,-24.34272078666846,0.038700276828148514,,,,,,,0.0,0.0,0.6434782608695652,0.3565217391304348,0.6434782608695652,0.0,113.66,0.0,0.0,12171.36039333423,105.83791646377591,107.08569763623288,,,,0.0,0.0,0.0,0.0,,0.0,0.005321288063870425,0.003171901216482417,2.4924073048534297e-05,0.00499240153118059,0.004992401531180586,0.0,0.0,0.0,0.0,0.0,0.0,0.0,0.0,0.011529457471719254,0.0,41.0
Random,unseen,congested,False,unseen_congested,0,90000,115.0,0.0,115.0,0.0,0.0,0.0,21109.77112807132,197010.0,90000.0,10000.0,0.0,115.0,-581.8672609192819,0.0,0.0,77.0,77.0,38.0,77.0,0.0,106.0,54.0,19.491009361339838,211.0977112807132,1.9958414526258934,0.0,-318.0,-216.0,-5.847302808401953,-42.219542256142645,0.19958414526258933,,,,,,,0.0,0.0,0.6695652173913044,0.33043478260869563,0.6695652173913044,0.0,197.01,0.0,0.0,21109.77112807132,183.56322720062016,107.15075949480392,,,,0.0,0.0,0.0,0.0,,0.0,0.012196808877158247,0.005482594714235288,0.0002946187828924398,0.01716446279067422,0.017164462790674205,0.0,0.0,0.0,0.0,0.0396396288507643,0.0,0.0,0.0,0.0,0.0,38.0
Greedy,unseen,congested,False,unseen_congested,0,90000,115.0,1.0,114.0,0.008695652173913044,3019.0567660733395,1.0,22167.1111785349,206870.0,90000.0,10000.0,0.0,115.0,-528.5706313679084,3019.0567660733395,0.0,114.0,114.0,0.0,114.0,3.0,159.5,0.0,14.469396279832296,221.67111178534898,1.0440987311105936,-1.5,-478.5,0.0,-4.340818883949688,-44.3342223570698,0.10440987311105936,3019.0567660733395,3019.0567660733395,3019.0567660733395,3019.0567660733395,3019.0567660733395,1983.0491182686721,0.008695652173913044,0.0,0.991304347826087,0.0,0.991304347826087,0.008695652173913044,206.87,0.0048339536907236426,0.0048339536907236426,22167.1111785349,192.75748850899913,107.15478889416009,0.25,0.25,1.0,0.0,0.0,0.0,1.0,0.06666666666666667,0.0,0.01536316704348446,0.013187957382689658,0.00020775284568445412,0.014413634020761528,0.014413634020761516,0.0,0.0,0.0,0.0,0.0,0.0,0.0,0.0,0.03328686192754966,0.0,0.0
ECT,unseen,congested,False,unseen_congested,0,90000,115.0,0.0,115.0,0.0,0.0,0.0,17911.7999999978,167400.0,90000.0,10000.0,0.0,115.0,-532.139070036907,0.0,0.0,108.0,108.0,7.0,108.0,0.0,149.0,11.0,17.718233456371223,179.11799999997797,0.0,0.0,-447.0,-44.0,-5.315470036911365,-35.823599999995594,0.0,,,,,,,0.0,0.0,0.9391304347826087,0.06086956521739131,0.9391304347826087,0.0,167.4,0.0,0.0,17911.7999999978,155.7547826086765,106.99999999998684,,,,0.0,0.0,0.0,0.0,,0.0,0.0,0.0,0.0,0.0,0.0,0.0,0.0,0.0,0.0,0.0,0.0,0.0,0.0,0.0,0.0,7.0
PPO,unseen,congested,False,unseen_congested,0,90000,115.0,0.0,115.0,0.0,0.0,0.0,17911.7999999978,167400.0,90000.0,10000.0,0.0,115.0,-521.2492686135042,0.0,0.0,115.0,115.0,0.0,115.0,0.0,160.0,0.0,18.085562045028873,179.11799999997797,0.0,0.0,-480.0,0.0,-5.425668613508662,-35.823599999995594,0.0,,,,,,,0.0,0.0,1.0,0.0,1.0,0.0,167.4,0.0,0.0,17911.7999999978,155.7547826086765,106.99999999998684,,,,0.0,0.0,0.0,0.0,,0.0,0.0,0.0,0.0,0.0,0.0,0.0,0.0,0.0,0.0,0.0,0.0,0.0,0.0,0.0,0.0,0.0
FIFO,unseen,congested,False,unseen_congested,1,90001,118.0,0.0,118.0,0.0,0.0,0.0,63186.72226065187,590190.0,90001.0,10000.0,0.0,118.0,-591.4945915469131,0.0,0.0,118.0,118.0,0.0,118.0,0.0,147.5,0.0,75.72759302490279,631.8672226065187,0.9713088186148163,0.0,-442.5,0.0,-22.718277907470853,-126.37344452130375,0.09713088186148164,,,,,,,0.0,0.0,1.0,0.0,1.0,0.0,590.19,0.0,0.0,63186.72226065187,535.4806971241684,107.06166194047995,,,,0.0,0.0,0.0,0.0,,0.0,0.015314607464487616,0.010750631671346492,0.0003074722909818878,0.017534887823476026,0.023040887237151055,0.0,0.0,0.03873870963379949,0.0,0.030403119442685006,0.0,0.0,0.0,0.0,0.0,0.0
RoundRobin,unseen,congested,False,unseen_congested,1,90001,118.0,2.0,116.0,0.01694915254237288,3020.721880972891,1.0,16961.82842069287,157360.0,90001.0,10000.0,0.0,118.0,-525.833220705922,3191.9031723852836,0.0,77.0,77.0,39.0,77.0,5.830520446070233,94.5,50.0,20.553294971487933,169.61828420692868,6.716848499451945,-2.9152602230351166,-283.5,-200.0,-6.1659884914463765,-33.923656841385736,0.6716848499451947,3020.721880972891,3020.721880972891,3191.9031723852836,3207.1192871774965,3210.9233158755496,1261.5159993183333,0.01694915254237288,0.0,0.652542372881356,0.3305084745762712,0.652542372881356,0.01694915254237288,157.36,0.012709710218607015,0.012709710218607015,16961.82842069287,143.74430864993957,107.78996200236952,0.25,0.25,1.0,0.0,0.0,0.0,2.0,0.12327044025157231,0.0,0.05417758930746859,0.03968295885675976,0.001821935553252252,0.04268413702128991,0.051624816153824964,0.0007875,1.0,0.03873870963379949,0.063,0.0,0.0,0.0,0.0,0.10447187362158211,0.0,39.0
Random,unseen,congested,False,unseen_congested,1,90001,118.0,2.0,116.0,0.01694915254237288,2459.1854778248585,1.0,19284.351910327863,179360.0,90001.0,10000.0,0.0,118.0,-537.3663915620025,3240.0558493922563,0.0,76.0,76.0,40.0,76.0,4.591551731638861,93.5,52.5,21.64327669197144,192.84351910327865,4.910711320641122,-2.2957758658194307,-280.5,-210.0,-6.492983007591436,-38.56870382065573,0.4910711320641124,2459.1854778248585,2459.1854778248585,3240.0558493922563,3309.466549087136,3326.819224010856,1131.7486251569767,0.01694915254237288,0.0,0.6440677966101694,0.3389830508474576,0.6440677966101694,0.01694915254237288,179.36,0.011150758251561105,0.011150758251561105,19284.351910327863,163.4267111044734,107.51757309504829,0.5,0.48076923076923067,0.5,0.0,1.0,0.0,1.0,0.13333333333333333,0.0,0.044016733087921874,0.025523209041494486,0.0009220337543538092,0.030365008716511332,0.03245695566378882,0.0,0.0,0.0,0.0,0.03212084673802535,0.0,0.0,0.0,0.07395569053181383,0.0,40.0
Greedy,unseen,congested,False,unseen_congested,1,90001,118.0,0.0,118.0,0.0,0.0,0.0,19295.173417045375,179360.0,90001.0,10000.0,0.0,118.0,-485.8665611111693,0.0,0.0,118.0,118.0,0.0,118.0,0.0,147.5,0.0,17.25800357787613,192.9517341704538,4.011867962842739,0.0,-442.5,0.0,-5.177401073362836,-38.59034683409076,0.40118679628427406,,,,,,,0.0,0.0,1.0,0.0,1.0,0.0,179.36,0.0,0.0,19295.173417045375,163.51841878852014,107.5779070977106,,,,0.0,0.0,0.0,0.0,,0.0,0.04192941725131212,0.019451307542306586,0.0010428205058328542,0.0322927314706089,0.036299061144519106,0.0,0.0,0.03873870963379949,0.0,0.0,0.0,0.0,0.0,0.07793416749990976,0.0,0.0
ECT,unseen,congested,False,unseen_congested,1,90001,118.0,1.0,117.0,0.00847457627118644,2916.819224010856,1.0,22140.164430322373,206540.0,90001.0,10000.0,0.0,118.0,-496.52389950875664,2916.819224010856,0.0,110.0,110.0,7.0,110.0,2.916819224010856,141.0,5.5,20.0342006960304,221.40164430322372,2.2509917270268356,-1.458409612005428,-423.0,-22.0,-6.010260208809118,-44.28032886064475,0.22509917270268381,2916.819224010856,2916.819224010856,2916.819224010856,2916.819224010856,2916.819224010856,919.3912733610102,0.00847457627118644,0.0,0.9322033898305084,0.059322033898305086,0.9322033898305084,0.00847457627118644,206.54,0.004841677156967174,0.004841677156967174,22140.164430322373,187.62851212137605,107.19552837378897,0.25,0.25,1.0,0.0,0.0,0.0,1.0,0.06666666666666667,0.0,0.020474632059264627,0.0158554551638388,0.0001905911628670735,0.013805475829071358,0.02359749308644395,0.0,0.0,0.0,0.0,0.030403119442685006,0.0,0.0,0.0,0.02409295649995002,0.0,7.0
PPO,unseen,congested,False,unseen_congested,1,90001,118.0,1.0,117.0,0.00847457627118644,2916.819224010856,1.0,22196.533714017736,206540.0,90001.0,10000.0,0.0,118.0,-490.62801779533135,2916.819224010856,0.0,117.0,117.0,0.0,117.0,2.916819224010856,146.5,0.0,19.07754422604283,221.96533714017735,4.467225125224086,-1.458409612005428,-439.5,0.0,-5.7232632678128486,-44.39306742803547,0.4467225125224089,2916.819224010856,2916.819224010856,2916.819224010856,2916.819224010856,2916.819224010856,919.3912733610102,0.00847457627118644,0.0,0.9915254237288136,0.0,0.9915254237288136,0.00847457627118644,206.54,0.004841677156967174,0.004841677156967174,22196.533714017736,188.10621791540456,107.46845024701142,0.25,0.25,1.0,0.0,0.0,0.0,1.0,0.06666666666666667,0.0,0.043242588364612686,0.023691878810580436,0.0011941561541161825,0.03455656455893992,0.03661512169047582,0.00018333333333333334,1.0,0.0,0.0,0.015181332489398238,0.022,0.0,0.0,0.08357138646372865,0.0,0.0
FIFO,unseen,unseen,False,unseen_unseen,0,90000,115.0,0.0,115.0,0.0,0.0,0.0,41846.62999999957,391090.0,90000.0,10000.0,0.0,115.0,-584.6295709395603,0.0,0.0,115.0,115.0,0.0,115.0,0.0,160.0,0.0,69.78770313187017,418.46629999999567,0.0,0.0,-480.0,0.0,-20.936310939561057,-83.69325999999913,0.0,,,,,,,0.0,0.0,1.0,0.0,1.0,0.0,391.09,0.0,0.0,41846.62999999957,363.883739130431,106.9999999999989,,,,0.0,0.0,0.0,0.0,,0.0,0.0,0.0,0.0,0.0,0.0,0.0,0.0,0.0,0.0,0.0,0.0,0.0,0.0,0.0,0.0,0.0
RoundRobin,unseen,unseen,False,unseen_unseen,0,90000,115.0,1.0,114.0,0.008695652173913044,5773.036665324726,1.0,7892.723944560406,73010.0,90000.0,10000.0,0.0,115.0,-556.9153138403735,5773.036665324726,0.0,73.0,73.0,41.0,73.0,3.0,103.0,56.5,16.63571770925833,78.92723944560407,3.6084936152464033,-1.5,-309.0,-226.0,-4.990715312777494,-15.785447889120817,0.3608493615246404,5773.036665324726,5773.036665324726,5773.036665324726,5773.036665324726,5773.036665324726,4018.9056677419494,0.008695652173913044,0.0,0.6347826086956522,0.3565217391304348,0.6347826086956522,0.008695652173913044,73.01,0.013696753869332967,0.013696753869332967,7892.723944560406,68.63238212661223,108.10469722723471,0.25,0.25,1.0,0.0,0.0,0.0,1.0,0.06666666666666667,0.0,0.035164678294454604,0.016302032560430422,0.0005436190078010796,0.023315638695971416,0.032132575542374614,0.0,0.0,0.0,0.0,0.03091727034512483,0.0,0.0,0.0,0.055578622741235095,0.0,41.0
Random,unseen,unseen,False,unseen_unseen,0,90000,115.0,1.0,114.0,0.008695652173913044,5773.036665324726,1.0,13790.01886287291,127940.0,90000.0,10000.0,0.0,115.0,-567.116361096803,5773.036665324726,0.0,76.0,76.0,38.0,76.0,3.0,105.5,54.0,19.896525926149387,137.9001886287291,4.3263440678782805,-1.5,-316.5,-216.0,-5.9689577778448175,-27.58003772574582,0.4326344067878281,5773.036665324726,5773.036665324726,5773.036665324726,5773.036665324726,5773.036665324726,4018.9056677419494,0.008695652173913044,0.0,0.6608695652173913,0.33043478260869563,0.6608695652173913,0.008695652173913044,127.94,0.00781616382679381,0.00781616382679381,13790.01886287291,119.9132075032427,107.78504660679154,0.25,0.25,1.0,0.0,0.0,0.0,1.0,0.06666666666666667,0.0,0.03806046945716933,0.015935717640005585,0.0019741407199343254,0.044431303378747795,0.05100008715647534,2.5e-05,1.0,0.0,0.0,0.10594591711022462,0.003,0.0,0.0,0.011833739083717137,0.0,38.0
Greedy,unseen,unseen,False,unseen_unseen,0,90000,115.0,1.0,114.0,0.008695652173913044,2369.0567660733395,1.0,14424.591178534682,134510.0,90000.0,10000.0,0.0,115.0,-512.3939282930162,2369.0567660733395,0.0,114.0,114.0,0.0,114.0,2.3690567660733395,159.5,0.0,13.314862727795802,144.24591178534683,1.342412654285049,-1.1845283830366697,-478.5,0.0,-3.9944588183387393,-28.849182357069363,0.1342412654285049,2369.0567660733395,2369.0567660733395,2369.0567660733395,2369.0567660733395,2369.0567660733395,1333.0491182686721,0.008695652173913044,0.0,0.991304347826087,0.0,0.991304347826087,0.008695652173913044,134.51,0.00743439149505613,0.00743439149505613,14424.591178534682,125.43122763943201,107.23805797735992,0.25,0.25,1.0,0.0,0.0,0.0,1.0,0.06666666666666667,0.0,0.01536316704348446,0.013187957382689658,0.00020775284568445412,0.014413634020761528,0.014413634020761517,0.0,0.0,0.0,0.0,0.0,0.0,0.0,0.0,0.03328686192754966,0.0,0.0
ECT,unseen,unseen,False,unseen_unseen,0,90000,115.0,1.0,114.0,0.008695652173913044,3649.0567660733395,1.0,11629.395997748694,108200.0,90000.0,10000.0,0.0,115.0,-517.8458293709458,3649.0567660733395,0.0,109.0,109.0,5.0,109.0,3.0,150.5,9.0,19.317562298553934,116.29395997748695,2.082313141176925,-1.5,-451.5,-36.0,-5.795268689566178,-23.25879199549739,0.20823131411769247,3649.0567660733395,3649.0567660733395,3649.0567660733395,3649.0567660733395,3649.0567660733395,2613.049118268672,0.008695652173913044,0.0,0.9478260869565217,0.043478260869565216,0.9478260869565217,0.008695652173913044,108.2,0.009242144177449167,0.009242144177449167,11629.395997748694,101.12518258911908,107.48055450784375,0.25,0.25,1.0,0.0,0.0,0.0,1.0,0.06666666666666667,0.0,0.02487617330352287,0.01817972851792354,0.00025833753308888,0.01607288191609955,0.025120305112357903,0.0,0.0,0.0,0.0,0.03091727034512483,0.0,0.0,0.0,0.03328686192754966,0.0,5.0
PPO,unseen,unseen,False,unseen_unseen,0,90000,115.0,0.0,115.0,0.0,0.0,0.0,10893.314819212943,101620.0,90000.0,10000.0,0.0,115.0,-506.91393270113696,0.0,0.0,115.0,115.0,0.0,115.0,0.0,160.0,0.0,17.337643704667425,108.93314819212944,0.7399004868918756,0.0,-480.0,0.0,-5.201293111400226,-21.78662963842589,0.07399004868918756,,,,,,,0.0,0.0,1.0,0.0,1.0,0.0,101.62,0.0,0.0,10893.314819212943,94.7244766888082,107.19656385763572,,,,0.0,0.0,0.0,0.0,,0.0,0.00951300626003841,0.004991771135233881,0.00017922705104878787,0.013387570767274691,0.01338757076727468,0.0,0.0,0.0,0.0,0.03091727034512483,0.0,0.0,0.0,0.0,0.0,0.0
FIFO,unseen,unseen,False,unseen_unseen,1,90001,118.0,1.0,117.0,0.00847457627118644,3726.819224010856,1.0,41150.232288405066,383630.0,90001.0,10000.0,0.0,118.0,-545.9228144761873,3726.819224010856,0.0,117.0,117.0,0.0,117.0,3.0,146.5,0.0,76.7904323317085,411.50232288405067,4.147798001352692,-1.5,-439.5,0.0,-23.03712969951256,-82.30046457681014,0.4147798001352692,3726.819224010856,3726.819224010856,3726.819224010856,3726.819224010856,3726.819224010856,1729.3912733610102,0.00847457627118644,0.0,0.9915254237288136,0.0,0.9915254237288136,0.00847457627118644,383.63,0.002606678309829784,0.002606678309829784,41150.232288405066,348.7307821051277,107.26541795064271,0.25,0.25,1.0,1.0,0.0,0.0,0.0,0.06666666666666667,0.0,0.04269513872368232,0.02354914984282664,0.0020496840206779576,0.045273436148341534,0.04966196114223071,0.0,0.0,0.0642416934760507,0.0,0.10663835411394221,0.0,0.0,0.0,0.0,0.0,0.0
RoundRobin,unseen,unseen,False,unseen_unseen,1,90001,118.0,4.0,114.0,0.03389830508474576,3224.542494984751,1.0,11773.353793843058,108170.0,90001.0,10000.0,0.0,118.0,-512.1925956758574,3924.94382848664,0.0,75.0,75.0,39.0,75.0,11.211443761945782,92.5,50.0,22.36261340186094,117.7335379384306,11.686178133597464,-5.605721880972891,-277.5,-200.0,-6.7087840205582845,-23.54670758768612,1.1686178133597442,3224.542494984751,3218.8712699432026,3924.94382848664,3952.9143608832214,3959.9069939823667,1399.6032955909227,0.03389830508474576,0.0,0.635593220338983,0.3305084745762712,0.635593220338983,0.03389830508474576,108.17,0.03697882962004252,0.03697882962004252,11773.353793843058,99.77418469358524,108.84121099975093,0.4,0.5,0.75,1.0,0.0,0.0,3.0,0.24722382909626026,0.0,0.0873668465742759,0.06256342708202506,0.004009440438815282,0.0633201424415271,0.07964010067710621,0.0018,1.0,0.0642416934760507,0.144,0.011375246526862127,0.0,0.0,0.0,0.16029743873433946,0.0,39.0
Random,unseen,unseen,False,unseen_unseen,1,90001,118.0,3.0,115.0,0.025423728813559324,2400.0959135874773,1.0,12613.56647179575,116290.0,90001.0,10000.0,0.0,118.0,-519.2232180143167,3017.407029002529,0.0,75.0,75.0,40.0,75.0,7.168370955649717,91.5,52.5,23.036940696399604,126.1356647179575,9.991826160196927,-3.5841854778248585,-274.5,-210.0,-6.911082208919877,-25.2271329435915,0.9991826160196916,2400.0959135874773,2886.819224010856,3017.407029002529,3029.014833890678,3031.916785112715,947.4893445783486,0.025423728813559324,0.0,0.635593220338983,0.3389830508474576,0.635593220338983,0.025423728813559324,116.29,0.025797575027947373,0.025797575027947373,12613.56647179575,106.89463111691313,108.46647580871742,0.45,0.4899999999999999,0.6666666666666666,0.0,1.0,0.0,2.0,0.19949109414758268,0.0,0.07905581863371723,0.04747204294607765,0.002660695287737683,0.05158192791799937,0.06630298263533273,5.833333333333333e-05,1.0,0.0,0.0,0.07643139496796658,0.007,0.0,0.0,0.12033334372774297,0.0,40.0
Greedy,unseen,unseen,False,unseen_unseen,1,90001,118.0,3.0,115.0,0.025423728813559324,2912.9638005733163,1.0,14002.802960086537,129010.0,90001.0,10000.0,0.0,118.0,-468.62735755537017,3668.1893462167936,0.0,115.0,115.0,0.0,115.0,7.871551731638862,144.0,0.0,18.88933861279553,140.02802960086538,9.808258144610154,-3.935775865819431,-432.0,0.0,-5.66680158383866,-28.005605920173075,0.9808258144610138,2912.9638005733163,3140.520446070233,3668.1893462167936,3715.0932484520436,3726.819224010856,1419.6357809654126,0.025423728813559324,0.0,0.9745762711864406,0.0,0.9745762711864406,0.025423728813559324,129.01,0.023254011316952174,0.023254011316952174,14002.802960086537,118.66782169564863,108.54044616763458,0.45,0.48076923076923067,0.6666666666666666,1.0,0.0,0.0,2.0,0.17777777777777778,0.0,0.08412230100881378,0.049660345116019015,0.0028447577269763323,0.05333627027620447,0.06363611840625573,0.0,0.0,0.0642416934760507,0.0,0.02805489325540631,0.0,0.0,0.0,0.1421478255234754,0.0,0.0
ECT,unseen,unseen,False,unseen_unseen,1,90001,118.0,2.0,116.0,0.01694915254237288,2394.185477824859,1.0,10562.941749597612,97510.0,90001.0,10000.0,0.0,118.0,-471.53702366337325,2594.5558493922563,0.0,112.0,112.0,4.0,112.0,4.788370955649718,142.5,3.5,23.87044839326088,105.62941749597613,6.441798316251523,-2.394185477824859,-427.5,-14.0,-7.16113451797826,-21.12588349919523,0.6441798316251525,2394.185477824859,2394.185477824859,2594.5558493922563,2612.3665490871363,2616.819224010856,1066.748625156977,0.01694915254237288,0.0,0.9491525423728814,0.03389830508474576,0.9491525423728814,0.01694915254237288,97.51,0.02051071684955389,0.02051071684955389,10562.941749597612,89.51645550506451,108.326753662164,0.25,0.25,1.0,0.0,0.0,0.0,2.0,0.13333333333333333,0.0,0.05675753329907941,0.03629141802764537,0.0025345769922631694,0.05034458255128519,0.061045956214642295,0.0006083333333333333,1.0,0.0,0.0,0.12331800084248595,0.073,0.0,0.0,0.04076265491968143,0.0,4.0
PPO,unseen,unseen,False,unseen_unseen,1,90001,118.0,2.0,116.0,0.01694915254237288,2878.6698350405445,1.0,13843.734211042232,127850.0,90001.0,10000.0,0.0,118.0,-470.32413843870756,3114.335384967264,0.0,116.0,116.0,0.0,116.0,5.616819224010856,144.5,0.0,23.72046513232665,138.43734211042232,7.878791350803679,-2.808409612005428,-433.5,0.0,-7.116139539697995,-27.687468422084464,0.787879135080368,2878.6698350405445,2878.6698350405445,3114.335384967264,3135.283433849639,3140.520446070233,967.4006829716469,0.01694915254237288,0.0,0.9830508474576272,0.0,0.9830508474576272,0.01694915254237288,127.85,0.01564333202972233,0.01564333202972233,13843.734211042232,117.31978144951044,108.28106539727989,0.25,0.25,1.0,0.0,0.0,0.0,2.0,0.12000000000000001,0.0,0.07022493316876374,0.04263405207615061,0.0018318026331188594,0.04279956346878855,0.06214836488220351,0.0,0.0,0.052688153933793946,0.0,0.02805489325540631,0.0,0.0,0.0,0.1158880417174526,0.0,0.0
